SourceFile,Coin,Signal,Confidence,Outcome,Duration(min),Did_TP_Hit,Buy_Score,Sell_Score,Num_Confluence_Buy,Num_Confluence_Sell,Regime,Estimated_Profit,DeservedStrongBuy,DeservedStrongSell,SignalTimeUTC,SignalTimeIST,rsi5m,williamsR,cci5m,cmf5m,stc5m,tsi5m,cvd5m,hma5m,alma5m,macd5m_macd,macd5m_signal,macd5m_hist,boll_upper,boll_middle,boll_lower,keltner_upper,keltner_middle,keltner_lower,marketTrend,RSI_buy_score,WilliamsR_buy_score,CCI_buy_score,CMF_buy_score,CVD_buy_score,HMA_buy_score,ALMA_buy_score,MACD_buy_score,RSI_sell_score,WilliamsR_sell_score,CCI_sell_score,CMF_sell_score,CVD_sell_score,HMA_sell_score,ALMA_sell_score,MACD_sell_score,Bollinger_buy_score,Keltner_buy_score,Bollinger_sell_score,Keltner_sell_score
signals_2025-09-04_16-27-25_STRONG.json,ETHUSDT,Sell,45,Success,99.0,True,30,45,,,Bullish,5.04%,0,0,2025-09-04T10:56:07.357075+00:00,2025-09-04T16:26:07.357075+05:30,66.37642191756697,-27.104055087988026,82.23139218595351,0.13075166953116443,,,falling,down,down,11.157529492644244,9.511279806178125,1.6462496864661187,4431.6920982312395,4400.933,4370.1739017687605,4424.868,4400.933,4376.998,10.0,0.0,0.0,0.0,10.0,0.0,0.0,0.0,10.0,10.0,0.0,0.0,0.0,15.0,10.0,10.0,0.0,,,,
signals_2025-09-04_16-27-25_STRONG.json,BTCUSDT,Sell,55,Success,188.0,True,25,55,,,Bullish,5.04%,0,0,2025-09-04T10:56:08.523211+00:00,2025-09-04T16:26:08.523211+05:30,47.68290786651033,-84.47837150127103,-64.68455402466672,-0.10162852519454656,,,falling,down,down,43.012193902162835,59.628054181840255,-16.61586027967742,110963.03948623198,110813.045,110663.05051376802,110935.345,110813.045,110690.745,10.0,0.0,15.0,0.0,0.0,0.0,0.0,0.0,0.0,0.0,0.0,0.0,10.0,15.0,10.0,10.0,10.0,,,,
signals_2025-09-04_16-27-25_STRONG.json,SOLUSDT,Sell,55,Success,171.0,True,10,55,,,Bullish,5.04%,0,0,2025-09-04T10:56:09.633754+00:00,2025-09-04T16:26:09.633754+05:30,48.09692067523094,-77.31092436974699,-45.25000000000282,-0.15198935055985435,,,falling,down,down,0.17240531842762152,0.22763417415325693,-0.055228855725635406,208.55768725168664,207.9835,207.40931274831334,208.4785,207.9835,207.4885,10.0,0.0,0.0,0.0,0.0,0.0,0.0,0.0,0.0,0.0,0.0,0.0,10.0,15.0,10.0,10.0,10.0,,,,
signals_2025-09-04_16-27-25_STRONG.json,ALPACAUSDT,Sell,50,Inconclusive,,False,35,50,,,Bullish,5.04%,0,0,2025-09-04T10:56:10.732707+00:00,2025-09-04T16:26:10.732707+05:30,,,0.0,,,,falling,down,down,0.0,0.0,0.0,1.19,1.19,1.19,1.1900000000000002,1.1900000000000002,1.1900000000000002,10.0,,,0.0,,0.0,0.0,0.0,0.0,,,0.0,,15.0,10.0,10.0,0.0,15.0,10.0,15.0,
signals_2025-09-04_16-27-25_STRONG.json,WLFIUSDT,Strong Buy,60,Fail,55.0,False,60,40,,,Bullish,5.04%,0,0,2025-09-04T10:56:11.874789+00:00,2025-09-04T16:26:11.874789+05:30,61.95084483363801,-12.676056338028346,122.50843299601458,0.2100456424141107,,,falling,up,up,0.0008300618037499485,0.00023966435211474052,0.0005903974516352081,0.18439539794302495,0.17949500000000002,0.17459460205697508,0.184095,0.17949500000000002,0.17489500000000002,10.0,0.0,0.0,10.0,10.0,0.0,10.0,10.0,10.0,10.0,15.0,0.0,0.0,15.0,0.0,0.0,0.0,,,,
signals_2025-09-04_16-27-25_STRONG.json,XRPUSDT,Sell,45,Success,171.0,True,20,45,,,Bullish,5.04%,0,0,2025-09-04T10:56:13.014321+00:00,2025-09-04T16:26:13.014321+05:30,50.931216969362445,-49.557522123892866,-32.51236883596273,0.15168430893954266,,,falling,down,down,0.0009561593725089246,0.0014325195340071845,-0.00047636016149825997,2.844988153179179,2.8412800000000002,2.8375718468208215,2.84513,2.8412800000000002,2.8374300000000003,10.0,0.0,0.0,0.0,10.0,0.0,0.0,0.0,0.0,0.0,0.0,0.0,0.0,15.0,10.0,10.0,10.0,,,,
signals_2025-09-04_16-27-25_STRONG.json,DOGEUSDT,Buy,50,Inconclusive,,False,50,15,,,Bullish,5.04%,0,0,2025-09-04T10:56:14.131343+00:00,2025-09-04T16:26:14.131343+05:30,51.21506064370171,-50.00000000000099,13.273933993997764,0.022682567470129946,,,falling,up,up,0.00015213198913643922,0.0001519287651108346,2.0322402560462422e-07,0.21632351253958162,0.215536,0.21474848746041839,0.216186,0.215536,0.21488600000000002,10.0,0.0,0.0,0.0,10.0,0.0,10.0,10.0,10.0,0.0,0.0,0.0,0.0,15.0,0.0,0.0,0.0,,,,
signals_2025-09-04_16-27-25_STRONG.json,ENAUSDT,Sell,45,Success,33.0,True,20,45,,,Bullish,5.04%,0,0,2025-09-04T10:56:15.246490+00:00,2025-09-04T16:26:15.246490+05:30,45.13742275346054,-72.8571428571427,-53.948492615648064,0.00423241326220989,,,falling,down,down,-3.73051793201018e-05,7.087219200486114e-05,-0.00010817737132496294,0.7079002923851632,0.70448,0.7010597076148368,0.7077800000000001,0.7044800000000001,0.7011800000000001,10.0,0.0,0.0,0.0,10.0,0.0,0.0,0.0,0.0,0.0,0.0,0.0,0.0,15.0,10.0,10.0,10.0,,,,
signals_2025-09-04_16-27-25_STRONG.json,MUSDT,Buy,40,Success,1.0,True,40,35,,,Bullish,5.04%,0,0,2025-09-04T10:56:16.411825+00:00,2025-09-04T16:26:16.411825+05:30,61.96853615274937,-36.569579288025764,73.77604923370373,-0.016817907282619046,,,falling,up,up,0.012861762056331827,0.012697210906750127,0.00016455114958170008,1.1906176327943974,1.158825,1.1270323672056026,1.1871749999999999,1.1588249999999998,1.1304749999999997,10.0,0.0,0.0,0.0,0.0,0.0,10.0,10.0,10.0,10.0,0.0,0.0,10.0,15.0,0.0,0.0,0.0,,,,
signals_2025-09-04_16-27-25_STRONG.json,TAUSDT,Buy,50,Success,35.0,True,50,35,,,Bullish,5.04%,0,0,2025-09-04T10:56:17.521135+00:00,2025-09-04T16:26:17.521135+05:30,37.391810158649804,-70.72538860103649,-123.74898698458307,0.03568559895684118,,,falling,up,up,-0.0011561074504496394,-0.000953896800746742,-0.00020221064970289736,0.13935997126422933,0.136489,0.13361802873577067,0.13908900000000002,0.136489,0.13388899999999998,10.0,10.0,0.0,0.0,10.0,0.0,10.0,10.0,0.0,0.0,0.0,10.0,0.0,15.0,0.0,0.0,10.0,,,,
signals_2025-09-04_16-27-25_STRONG.json,JELLYJELLYUSDT,Buy,40,Fail,38.0,False,40,25,,,Bullish,5.04%,0,0,2025-09-04T10:56:18.633224+00:00,2025-09-04T16:26:18.633224+05:30,49.869620912633934,-75.88652482269495,-1.7117650931589559,0.08200471689759625,,,falling,up,up,0.00012972414878622412,0.0001745805877209891,-4.4856438934764964e-05,0.039490070304947944,0.0386455,0.037800929695052055,0.0394105,0.0386455,0.0378805,10.0,0.0,0.0,0.0,10.0,0.0,10.0,10.0,0.0,0.0,0.0,0.0,0.0,15.0,0.0,0.0,10.0,,,,
signals_2025-09-04_16-27-25_STRONG.json,TAKEUSDT,Sell,55,Success,4.0,True,10,55,,,Bullish,5.04%,0,0,2025-09-04T10:56:19.773349+00:00,2025-09-04T16:26:19.773349+05:30,51.16249882328165,-43.13123561013053,-33.72285363641326,-0.10421217399797891,,,falling,down,down,-0.0003784579900282248,4.9255017849025726e-05,-0.00042771300787725053,0.19045737084171094,0.1839925,0.17752762915828907,0.1889875,0.1839925,0.1789975,10.0,0.0,0.0,0.0,0.0,0.0,0.0,0.0,0.0,0.0,0.0,0.0,10.0,15.0,10.0,10.0,10.0,,,,
signals_2025-09-04_16-27-25_STRONG.json,BNXUSDT,Strong Sell,60,Inconclusive,,False,35,60,,,Bullish,5.04%,0,0,2025-09-04T10:56:20.872707+00:00,2025-09-04T16:26:20.872707+05:30,,,,,,,falling,down,down,0.0,0.0,0.0,2.0,2.0,2.0,2.0,2.0,2.0,10.0,,,,,0.0,0.0,0.0,0.0,,,,,15.0,10.0,10.0,0.0,15.0,10.0,15.0,10.0
signals_2025-09-04_16-27-25_STRONG.json,SUIUSDT,Buy,50,Inconclusive,,False,50,15,,,Bullish,5.04%,0,0,2025-09-04T10:56:21.989253+00:00,2025-09-04T16:26:21.989253+05:30,54.41244186961473,-37.500000000000576,48.73382104671275,0.11852650726390959,,,falling,up,up,0.0028925053238513243,0.0024315992015656344,0.0004609061222856899,3.3305648187536114,3.317875,3.3051851812463884,3.327575,3.317875,3.308175,10.0,0.0,0.0,0.0,10.0,0.0,10.0,10.0,10.0,0.0,0.0,0.0,0.0,15.0,0.0,0.0,0.0,,,,
signals_2025-09-04_16-27-25_STRONG.json,1000PEPEUSDT,Sell,45,Success,171.0,True,20,45,,,Bullish,5.04%,0,0,2025-09-04T10:56:23.168167+00:00,2025-09-04T16:26:23.168167+05:30,45.89929603426398,-71.1783439490445,-58.36116354484347,0.058007217933305655,,,falling,down,down,2.0338231723066036e-06,3.0491613254312196e-06,-1.015338153124616e-06,0.009637080297327582,0.009609375,0.009581669702672418,0.009634375,0.009609375,0.009584375,10.0,0.0,0.0,0.0,10.0,0.0,0.0,0.0,0.0,0.0,0.0,0.0,0.0,15.0,10.0,10.0,10.0,,,,
signals_2025-09-04_16-27-25_STRONG.json,IDOLUSDT,Sell,45,Success,2.0,True,20,45,,,Bullish,5.04%,0,0,2025-09-04T10:56:24.277204+00:00,2025-09-04T16:26:24.277204+05:30,54.36803972845716,-40.24390243902438,54.130223517980845,-0.13919900834163962,,,falling,down,down,0.00022502216506890826,0.00019618039549224806,2.88417695766602e-05,0.03962328080693378,0.0389345,0.03824571919306621,0.0397545,0.0389345,0.038114499999999996,10.0,0.0,0.0,0.0,0.0,0.0,0.0,0.0,10.0,0.0,0.0,0.0,10.0,15.0,10.0,10.0,0.0,,,,
signals_2025-09-04_16-27-25_STRONG.json,LINKUSDT,Buy,40,Fail,263.0,False,40,35,,,Bullish,5.04%,0,0,2025-09-04T10:56:25.389278+00:00,2025-09-04T16:26:25.389278+05:30,57.50116823249567,-21.22905027932951,105.22200670606048,0.00021997357353200012,,,falling,down,down,0.014824051402708704,0.005847940622861668,0.008976110779847037,23.344741309711836,23.2606,23.176458690288165,23.3286,23.2606,23.1926,10.0,0.0,0.0,10.0,10.0,0.0,0.0,0.0,10.0,0.0,0.0,0.0,0.0,15.0,10.0,10.0,0.0,,,,
signals_2025-09-04_16-27-25_STRONG.json,PUMPUSDT,Sell,45,Success,0.0,True,20,45,,,Bullish,5.04%,0,0,2025-09-04T10:56:26.524621+00:00,2025-09-04T16:26:26.524621+05:30,47.47835710832652,-70.58823529411795,-43.76094023506196,0.12455968894557784,,,falling,down,down,5.650702085663317e-06,1.0998070494248646e-05,-5.347368408585329e-06,0.004286434483731247,0.00423295,0.004179465516268753,0.004279450000000001,0.00423295,0.0041864499999999995,10.0,0.0,0.0,0.0,10.0,0.0,0.0,0.0,0.0,0.0,0.0,0.0,0.0,15.0,10.0,10.0,10.0,,,,
signals_2025-09-04_16-27-25_STRONG.json,AVAXUSDT,Sell,35,Inconclusive,,False,30,35,,,Bullish,5.04%,0,0,2025-09-04T10:56:27.637061+00:00,2025-09-04T16:26:27.637061+05:30,41.61584986864554,-53.46534653465421,-63.702490007693356,-0.001861103273951293,,,falling,up,up,-0.03271804474422524,-0.03127671872782995,-0.0014413260163952876,24.81639896957275,24.7145,24.612601030427253,24.795499999999997,24.714499999999997,24.633499999999998,10.0,0.0,0.0,0.0,0.0,0.0,10.0,10.0,0.0,0.0,0.0,0.0,10.0,15.0,0.0,0.0,10.0,,,,
signals_2025-09-04_16-27-25_STRONG.json,BCHUSDT,Buy,45,Success,93.0,True,45,45,,,Bullish,5.04%,0,0,2025-09-04T10:56:28.773326+00:00,2025-09-04T16:26:28.773326+05:30,42.60895350886816,-84.28571428571233,-121.34026574234005,-0.02774391733641596,,,falling,up,up,-0.10941323549980098,0.05965314149743209,-0.16906637699723306,587.7305155211862,586.45,585.1694844788138,587.8000000000001,586.45,585.1,10.0,0.0,15.0,0.0,0.0,0.0,10.0,10.0,0.0,0.0,0.0,10.0,10.0,15.0,0.0,0.0,10.0,,,,
signals_2025-09-04_16-27-25_STRONG.json,ADAUSDT,Buy,45,Inconclusive,,False,45,20,,,Bullish,5.04%,0,0,2025-09-04T10:56:29.932843+00:00,2025-09-04T16:26:29.932843+05:30,50.737529861839064,-51.612903225806285,18.20795400095001,0.057043895516228786,,,rising,down,down,0.0009123201357305044,0.000901431636716373,1.0888499014131362e-05,0.8239277710641089,0.82025,0.8165722289358912,0.8232,0.82025,0.8173,10.0,0.0,0.0,0.0,10.0,15.0,0.0,0.0,10.0,0.0,0.0,0.0,0.0,0.0,10.0,10.0,0.0,,,,
signals_2025-09-04_16-27-25_STRONG.json,BNBUSDT,Sell,50,Success,258.0,True,40,50,,,Bullish,5.04%,0,0,2025-09-04T10:56:31.044367+00:00,2025-09-04T16:26:31.044367+05:30,58.269945053076576,-19.927536231882474,106.20449509339399,0.32381146835865954,,,falling,down,down,0.3264617720107026,0.193569659553593,0.13289211245710958,849.7992726652891,848.466,847.1327273347109,849.6510000000001,848.4660000000001,847.2810000000002,10.0,0.0,0.0,10.0,10.0,0.0,0.0,0.0,10.0,0.0,15.0,0.0,0.0,15.0,10.0,10.0,0.0,,,,
signals_2025-09-04_16-27-25_STRONG.json,FARTCOINUSDT,Sell,45,Success,188.0,True,20,45,,,Bullish,5.04%,0,0,2025-09-04T10:56:32.180951+00:00,2025-09-04T16:26:32.180951+05:30,45.29777045335441,-73.33333333333462,-47.575057736719906,0.042530782316924684,,,falling,down,down,0.0003010243902784593,0.00047587691854157816,-0.00017485252826311888,0.7683927552652327,0.765075,0.7617572447347672,0.768025,0.7650750000000001,0.7621250000000002,10.0,0.0,0.0,0.0,10.0,0.0,0.0,0.0,0.0,0.0,0.0,0.0,0.0,15.0,10.0,10.0,10.0,,,,
signals_2025-09-04_16-27-25_STRONG.json,TREEUSDT,Strong Sell,60,Success,26.0,True,20,60,,,Bullish,5.04%,0,0,2025-09-04T10:56:33.323555+00:00,2025-09-04T16:26:33.323555+05:30,40.13372336761548,-6.593406593407089,-18.133042331651044,-0.26434261060480546,,,falling,down,down,-0.003651228052931055,-0.004170599910870637,0.0005193718579395825,0.3493575450249698,0.33388,0.3184024549750302,0.34703,0.33388,0.32073,10.0,0.0,0.0,0.0,0.0,0.0,0.0,0.0,10.0,0.0,15.0,0.0,10.0,15.0,10.0,10.0,0.0,,,,
signals_2025-09-04_16-27-25_STRONG.json,SOMIUSDT,Buy,50,Fail,40.0,False,50,15,,,Bullish,5.04%,0,0,2025-09-04T10:56:34.436105+00:00,2025-09-04T16:26:34.436105+05:30,52.87867530201879,-28.865979381443026,60.79451707069383,0.13515244794842418,,,falling,up,up,-0.00024498308867981766,-0.0006708388582901873,0.0004258557696103696,0.40266627119204706,0.395625,0.38858372880795294,0.402175,0.395625,0.389075,10.0,0.0,0.0,0.0,10.0,0.0,10.0,10.0,10.0,0.0,0.0,0.0,0.0,15.0,0.0,0.0,0.0,,,,
signals_2025-09-04_16-27-25_STRONG.json,IPUSDT,Sell,45,Success,36.0,True,40,45,,,Bullish,5.04%,0,0,2025-09-04T10:56:35.555531+00:00,2025-09-04T16:26:35.555531+05:30,35.752545334278636,-74.16496250852153,-100.21177576784758,-0.24157160080347886,,,falling,up,up,-0.026710534256954688,-0.026441543461910084,-0.00026899079504460327,8.236898576990573,8.166450000000001,8.09600142300943,8.246400000000001,8.166450000000001,8.086500000000001,10.0,10.0,0.0,0.0,0.0,0.0,10.0,10.0,0.0,0.0,0.0,10.0,10.0,15.0,0.0,0.0,10.0,,,,
signals_2025-09-04_16-27-25_STRONG.json,PTBUSDT,Buy,40,Fail,0.0,False,40,25,,,Bullish,5.04%,0,0,2025-09-04T10:56:36.719410+00:00,2025-09-04T16:26:36.719410+05:30,54.32587440117925,-67.50448833034112,14.676316847607643,0.1186277659879226,,,falling,up,up,0.0004827372952615448,0.0006418555461681778,-0.000159118250906633,0.03146547847788168,0.0285615,0.025657521522118323,0.031351500000000004,0.0285615,0.0257715,10.0,0.0,0.0,0.0,10.0,0.0,10.0,10.0,0.0,0.0,0.0,0.0,0.0,15.0,0.0,0.0,10.0,,,,
signals_2025-09-04_16-27-25_STRONG.json,AAVEUSDT,Strong Sell,60,Success,65.0,True,30,60,,,Bullish,5.04%,0,0,2025-09-04T10:56:37.832772+00:00,2025-09-04T16:26:37.832772+05:30,66.04438697126304,-12.672811059908168,75.45469243974097,0.33763908729500713,,,falling,down,down,1.2265262919776205,1.145258977625214,0.08126731435240653,325.77024768701756,322.298,318.82575231298244,324.93799999999993,322.29799999999994,319.65799999999996,10.0,0.0,0.0,0.0,10.0,0.0,0.0,0.0,10.0,10.0,15.0,0.0,0.0,15.0,10.0,10.0,0.0,,,,
signals_2025-09-04_16-27-25_STRONG.json,HYPEUSDT,Sell,45,Success,183.0,True,20,45,,,Bullish,5.04%,0,0,2025-09-04T10:56:38.941230+00:00,2025-09-04T16:26:38.941230+05:30,50.591097447872826,-71.12068965517226,-91.28357225242206,0.2486746711317848,,,falling,down,down,0.037744516214502255,0.05128553706620112,-0.013541020851698865,45.9733715110522,45.874399999999994,45.77542848894779,45.9744,45.8744,45.7744,10.0,0.0,0.0,0.0,10.0,0.0,0.0,0.0,0.0,0.0,0.0,0.0,0.0,15.0,10.0,10.0,10.0,,,,
signals_2025-09-04_16-27-25_STRONG.json,ARIAUSDT,Sell,35,Success,5.0,True,30,35,,,Bullish,5.04%,0,0,2025-09-04T10:56:40.080337+00:00,2025-09-04T16:26:40.080337+05:30,43.34613907473322,-73.18611987381713,-86.00448953516263,-0.007988505086090546,,,falling,up,up,-0.00044083558973545545,-0.00019737818685829615,-0.0002434574028771593,0.10228900159598667,0.100096,0.09790299840401334,0.10214100000000001,0.100096,0.098051,10.0,0.0,0.0,0.0,0.0,0.0,10.0,10.0,0.0,0.0,0.0,0.0,10.0,15.0,0.0,0.0,10.0,,,,
signals_2025-09-04_16-27-25_STRONG.json,WIFUSDT,Strong Sell,65,Success,99.0,True,60,65,,,Bullish,5.04%,0,0,2025-09-04T10:56:41.197204+00:00,2025-09-04T16:26:41.197204+05:30,36.954724684183795,-100.0,-193.33828891012837,-0.002571600923792166,,,falling,down,down,-0.002147700271816433,-0.0016763757656283003,-0.0004713245061881326,0.8059240593364423,0.8013399999999999,0.7967559406635576,0.80524,0.8013399999999999,0.7974399999999999,10.0,10.0,15.0,0.0,0.0,0.0,0.0,0.0,0.0,0.0,0.0,10.0,10.0,15.0,10.0,10.0,10.0,15.0,10.0,,
signals_2025-09-04_16-27-25_STRONG.json,ARBUSDT,Sell,35,Success,66.0,True,30,35,,,Bullish,5.04%,0,0,2025-09-04T10:56:42.312581+00:00,2025-09-04T16:26:42.312581+05:30,55.43844290791169,-41.891891891891994,48.60050890584871,0.03919480061045326,,,falling,down,down,0.0010214296246228716,0.0008486529810140376,0.000172776643608834,0.5018293431056944,0.4981,0.4943706568943056,0.5009,0.4981,0.49529999999999996,10.0,0.0,0.0,0.0,10.0,0.0,0.0,0.0,10.0,0.0,0.0,0.0,0.0,15.0,10.0,10.0,0.0,,,,
signals_2025-09-04_16-27-25_STRONG.json,PYTHUSDT,Strong Buy,60,Success,93.0,True,60,30,,,Bullish,5.04%,0,0,2025-09-04T10:56:43.679032+00:00,2025-09-04T16:26:43.679032+05:30,56.52203771495257,-18.942731277533692,105.33355626149714,0.07595241098325992,,,falling,up,up,0.00011189570604783206,-4.65420196320743e-05,0.00015843772567990634,0.15231537543028276,0.15117150000000001,0.15002762456971727,0.1520615,0.1511715,0.15028149999999998,10.0,0.0,0.0,10.0,10.0,0.0,10.0,10.0,10.0,0.0,15.0,0.0,0.0,15.0,0.0,0.0,0.0,,,,
signals_2025-09-04_16-27-25_STRONG.json,PENGUUSDT,Strong Sell,65,Success,99.0,True,25,65,,,Bullish,5.04%,0,0,2025-09-04T10:56:44.790885+00:00,2025-09-04T16:26:44.790885+05:30,43.25564006585555,-94.02985074626787,-131.02871480345823,-0.09548666495627092,,,falling,down,down,-7.33935843694189e-06,3.863871068946191e-07,-7.725745543836509e-06,0.029565759735585756,0.02948615,0.029406540264414242,0.02955965,0.02948615,0.02941265,10.0,0.0,15.0,0.0,0.0,0.0,0.0,0.0,0.0,0.0,0.0,10.0,10.0,15.0,10.0,10.0,10.0,,,,
signals_2025-09-04_16-27-25_STRONG.json,BASUSDT,Sell,45,Success,8.0,True,20,45,,,Bullish,5.04%,0,0,2025-09-04T10:56:45.900680+00:00,2025-09-04T16:26:45.900680+05:30,51.282417583136116,-70.42513863216257,-19.00716522933079,0.020680543883014903,,,falling,down,down,6.117092361269255e-05,9.737436011653778e-05,-3.620343650384523e-05,0.023444940781184538,0.0231541,0.022863259218815463,0.0233861,0.0231541,0.0229221,10.0,0.0,0.0,0.0,10.0,0.0,0.0,0.0,0.0,0.0,0.0,0.0,0.0,15.0,10.0,10.0,10.0,,,,
signals_2025-09-04_16-27-25_STRONG.json,SPKUSDT,Buy,40,Success,11.0,True,40,25,,,Bullish,5.04%,0,0,2025-09-04T10:56:47.036753+00:00,2025-09-04T16:26:47.036753+05:30,47.36595509769803,-27.777777777777864,23.33840690004961,-0.06928796424155462,,,falling,up,up,-0.00029227011215869625,-0.0003703460465206176,7.807593436192137e-05,0.05973794974340582,0.05914850000000001,0.05855905025659419,0.05976350000000001,0.059148500000000014,0.058533500000000016,10.0,0.0,0.0,0.0,0.0,0.0,10.0,10.0,10.0,0.0,0.0,0.0,10.0,15.0,0.0,0.0,0.0,,,,
signals_2025-09-04_16-27-25_STRONG.json,LTCUSDT,Sell,45,Success,188.0,True,20,45,,,Bullish,5.04%,0,0,2025-09-04T10:56:48.149125+00:00,2025-09-04T16:26:48.149125+05:30,43.54256491346209,-75.92592592592642,-56.64160401002442,0.012888943204046911,,,falling,down,down,-0.018832666372105678,-0.010810688808652567,-0.00802197756345311,111.33808236248302,111.077,110.81591763751697,111.30199999999996,111.07699999999997,110.85199999999998,10.0,0.0,0.0,0.0,10.0,0.0,0.0,0.0,0.0,0.0,0.0,0.0,0.0,15.0,10.0,10.0,10.0,,,,
signals_2025-09-04_16-27-25_STRONG.json,UNIUSDT,Buy,50,Inconclusive,,False,50,15,,,Bullish,5.04%,0,0,2025-09-04T10:56:49.259894+00:00,2025-09-04T16:26:49.259894+05:30,55.32249356282287,-31.060606060606418,84.2118091523972,0.1514302278504143,,,falling,up,up,0.009927854888029941,0.0023599611610378335,0.007567893726992108,9.480826259083969,9.41555,9.35027374091603,9.469550000000002,9.415550000000001,9.361550000000001,10.0,0.0,0.0,0.0,10.0,0.0,10.0,10.0,10.0,0.0,0.0,0.0,0.0,15.0,0.0,0.0,0.0,,,,
signals_2025-09-04_16-27-25_STRONG.json,HEMIUSDT,Sell,35,Success,8.0,True,30,35,,,Bullish,5.04%,0,0,2025-09-04T10:56:50.416352+00:00,2025-09-04T16:26:50.416352+05:30,43.87504037118533,-69.7885196374621,-29.477735748888644,-0.03744834042491335,,,falling,up,up,-0.00010902743595973818,-0.0001072135998969396,-1.813836062798587e-06,0.03576455598717744,0.03524845,0.03473234401282256,0.03576195,0.03524845,0.03473495,10.0,0.0,0.0,0.0,0.0,0.0,10.0,10.0,0.0,0.0,0.0,0.0,10.0,15.0,0.0,0.0,10.0,,,,
signals_2025-09-04_16-27-25_STRONG.json,ONDOUSDT,Sell,45,Success,104.0,True,35,45,,,Bullish,5.04%,0,0,2025-09-04T10:56:51.527181+00:00,2025-09-04T16:26:51.527181+05:30,47.23368352126456,-89.47368421052559,-91.27954360227962,0.05442615425862479,,,falling,down,down,0.0006135015000957589,0.0011892440379895532,-0.0005757425378937944,0.9314689407681946,0.928295,0.9251210592318053,0.930895,0.928295,0.9256949999999999,10.0,0.0,15.0,0.0,10.0,0.0,0.0,0.0,0.0,0.0,0.0,0.0,0.0,15.0,10.0,10.0,10.0,,,,
signals_2025-09-04_16-27-25_STRONG.json,BIOUSDT,Strong Buy,60,Success,50.0,True,60,15,,,Bullish,5.04%,0,0,2025-09-04T10:56:52.642337+00:00,2025-09-04T16:26:52.642337+05:30,52.98062233276626,-21.693121693121327,103.63716784049282,0.07083780795368584,,,falling,up,up,2.3697014000484407e-05,-0.00010649114493188787,0.00013018815893237228,0.13339148660703007,0.1326075,0.1318235133929699,0.13331750000000003,0.13260750000000002,0.1318975,10.0,0.0,0.0,10.0,10.0,0.0,10.0,10.0,10.0,0.0,0.0,0.0,0.0,15.0,0.0,0.0,0.0,,,,
signals_2025-09-04_16-27-25_STRONG.json,TRUMPUSDT,Sell,35,Success,187.0,True,30,35,,,Bullish,5.04%,0,0,2025-09-04T10:56:53.788324+00:00,2025-09-04T16:26:53.788324+05:30,57.15475844315848,-34.69387755101967,48.66124288606561,0.028375248168303183,,,falling,down,down,0.007310706308690129,0.0068666876224584734,0.0004440186862316557,8.360345207300862,8.32905,8.29775479269914,8.35305,8.32905,8.305050000000001,10.0,0.0,0.0,0.0,10.0,0.0,0.0,0.0,10.0,0.0,0.0,0.0,0.0,15.0,10.0,10.0,0.0,,,,
signals_2025-09-04_16-27-25_STRONG.json,FILUSDT,Sell,35,Success,187.0,True,30,35,,,Bullish,5.04%,0,0,2025-09-04T10:56:54.903764+00:00,2025-09-04T16:26:54.903764+05:30,52.66900997863243,-44.44444444444499,39.016115351990585,0.021199739956654473,,,falling,down,down,0.002417385126325833,0.002224143992089041,0.00019324113423679163,2.282567877914739,2.27305,2.263532122085261,2.2810499999999996,2.2730499999999996,2.2650499999999996,10.0,0.0,0.0,0.0,10.0,0.0,0.0,0.0,10.0,0.0,0.0,0.0,0.0,15.0,10.0,10.0,0.0,,,,
signals_2025-09-04_16-27-25_STRONG.json,VIDTUSDT,Sell,50,Inconclusive,,False,35,50,,,Bullish,5.04%,0,0,2025-09-04T10:56:56.006648+00:00,2025-09-04T16:26:56.006648+05:30,,,0.0,,,,falling,down,down,0.0,0.0,0.0,0.00293,0.00293,0.00293,0.0029300000000000003,0.0029300000000000003,0.0029300000000000003,10.0,,,0.0,,0.0,0.0,0.0,0.0,,,0.0,,15.0,10.0,10.0,0.0,15.0,10.0,15.0,
signals_2025-09-04_16-27-25_STRONG.json,QUSDT,Buy,50,Success,28.0,True,50,35,,,Bullish,5.04%,0,0,2025-09-04T10:56:57.168583+00:00,2025-09-04T16:26:57.168583+05:30,39.90059283681764,-71.46892655367222,-135.4170316642689,0.025017413522679166,,,falling,up,up,-4.075011159699986e-05,-3.234558806649122e-05,-8.404523530508641e-06,0.008924233824833597,0.00879905,0.008673866175166401,0.008920050000000002,0.008799050000000001,0.00867805,10.0,10.0,0.0,0.0,10.0,0.0,10.0,10.0,0.0,0.0,0.0,10.0,0.0,15.0,0.0,0.0,10.0,,,,
signals_2025-09-04_16-27-25_STRONG.json,1000BONKUSDT,Strong Sell,65,Success,99.0,True,25,65,,,Bullish,5.04%,0,0,2025-09-04T10:56:58.282166+00:00,2025-09-04T16:26:58.282166+05:30,43.54086153692714,-81.3471502590669,-107.18795093794463,-0.09280703808072775,,,falling,down,down,-1.5156932727525968e-05,-1.0581107855614304e-05,-4.575824871911664e-06,0.019883208757864194,0.01981655,0.019749891242135803,0.019880550000000004,0.019816550000000006,0.019752550000000008,10.0,0.0,15.0,0.0,0.0,0.0,0.0,0.0,0.0,0.0,0.0,10.0,10.0,15.0,10.0,10.0,10.0,,,,
signals_2025-09-04_16-27-25_STRONG.json,LINEAUSDT,Buy,50,Fail,55.0,False,50,30,,,Bullish,5.04%,0,0,2025-09-04T10:56:59.389225+00:00,2025-09-04T16:26:59.389225+05:30,55.35159672809772,-16.04938271604955,58.43943845902698,0.025352503889273847,,,falling,up,up,6.963054987671469e-05,6.548402392633118e-05,4.146525950383503e-06,0.026650000000000194,0.026282,0.025913999999999805,0.026667,0.026282,0.025897,10.0,0.0,0.0,0.0,10.0,0.0,10.0,10.0,10.0,0.0,15.0,0.0,0.0,15.0,0.0,0.0,0.0,,,,
signals_2025-09-04_16-27-25_STRONG.json,AGIXUSDT,Sell,50,Inconclusive,,False,35,50,,,Bullish,5.04%,0,0,2025-09-04T10:57:00.514096+00:00,2025-09-04T16:27:00.514096+05:30,,,0.0,,,,falling,down,down,0.0,0.0,0.0,0.7009,0.7009,0.7009,0.7009000000000001,0.7009000000000001,0.7009000000000001,10.0,,,0.0,,0.0,0.0,0.0,0.0,,,0.0,,15.0,10.0,10.0,0.0,15.0,10.0,15.0,
signals_2025-09-04_16-27-25_STRONG.json,DOTUSDT,Sell,35,Success,187.0,True,30,35,,,Bullish,5.04%,0,0,2025-09-04T10:57:01.651936+00:00,2025-09-04T16:27:01.651936+05:30,55.27072317616803,-29.999999999999854,74.0250183958814,0.1425910847419233,,,falling,down,down,0.0026898869736227127,0.0013952733813345725,0.0012946135922881402,3.794760643114333,3.7789,3.7630393568856673,3.790399999999999,3.7788999999999993,3.7673999999999994,10.0,0.0,0.0,0.0,10.0,0.0,0.0,0.0,10.0,0.0,0.0,0.0,0.0,15.0,10.0,10.0,0.0,,,,
signals_2025-09-04_16-27-25_STRONG.json,VIRTUALUSDT,Buy,50,Fail,256.0,False,50,15,,,Bullish,5.04%,0,0,2025-09-04T10:57:02.764347+00:00,2025-09-04T16:27:02.764347+05:30,49.177270472381586,-44.715447154472116,13.209774228376466,0.02903402258824635,,,falling,up,up,-0.00010890075217262485,-0.00028110396031648366,0.00017220320814385882,1.0844131702526445,1.0783749999999999,1.0723368297473552,1.084775,1.078375,1.0719750000000001,10.0,0.0,0.0,0.0,10.0,0.0,10.0,10.0,10.0,0.0,0.0,0.0,0.0,15.0,0.0,0.0,0.0,,,,
signals_2025-09-04_16-27-25_STRONG.json,TUTUSDT,Sell,55,Success,16.0,True,10,55,,,Bullish,5.04%,0,0,2025-09-04T10:57:03.916822+00:00,2025-09-04T16:27:03.916822+05:30,55.64017303366919,-42.857142857142854,23.110303764249718,-0.03537194845874798,,,falling,down,down,9.557258542242097e-05,0.00010428190548911831,-8.709320066697335e-06,0.06868509866819847,0.068381,0.06807690133180153,0.06864100000000001,0.068381,0.06812099999999999,10.0,0.0,0.0,0.0,0.0,0.0,0.0,0.0,0.0,0.0,0.0,0.0,10.0,15.0,10.0,10.0,10.0,,,,
signals_2025-09-04_16-27-25_STRONG.json,MERLUSDT,Sell,45,Fail,52.0,False,30,45,,,Bullish,5.04%,0,0,2025-09-04T10:57:05.029792+00:00,2025-09-04T16:27:05.029792+05:30,40.98895950389084,-77.8857837181046,-132.94428476032977,-0.1717555626954583,,,falling,up,up,-0.0006166909101026075,-0.00012808415905001983,-0.0004886067510525877,0.17325125531307886,0.169634,0.16601674468692115,0.172544,0.169634,0.166724,10.0,0.0,0.0,0.0,0.0,0.0,10.0,10.0,0.0,0.0,0.0,10.0,10.0,15.0,0.0,0.0,10.0,,,,
signals_2025-09-04_16-27-25_STRONG.json,WLDUSDT,Sell,35,Success,187.0,True,30,35,,,Bullish,5.04%,0,0,2025-09-04T10:57:06.140710+00:00,2025-09-04T16:27:06.140710+05:30,44.005702375048784,-77.58620689655196,-99.09909909910316,-0.06418124822233474,,,falling,up,up,-0.0009739135613173744,-0.0009316043708978968,-4.2309190419477635e-05,0.8801153281365726,0.87802,0.8759246718634275,0.8803199999999999,0.8780199999999999,0.8757199999999999,10.0,0.0,0.0,0.0,0.0,0.0,10.0,10.0,0.0,0.0,0.0,0.0,10.0,15.0,0.0,0.0,10.0,,,,
signals_2025-09-04_16-27-25_STRONG.json,LDOUSDT,Sell,45,Success,68.0,True,20,45,,,Bullish,5.04%,0,0,2025-09-04T10:57:07.274574+00:00,2025-09-04T16:27:07.274574+05:30,48.88118629381133,-44.274809160305175,2.77392510402386,-0.07148020941471958,,,falling,down,down,0.00045987803900038315,0.00034711916202339964,0.00011275887697698351,1.2120730408414113,1.207225,1.2023769591585887,1.211925,1.207225,1.202525,10.0,0.0,0.0,0.0,0.0,0.0,0.0,0.0,10.0,0.0,0.0,0.0,10.0,15.0,10.0,10.0,0.0,,,,
signals_2025-09-04_16-27-25_STRONG.json,CRVUSDT,Sell,35,Success,170.0,True,30,35,,,Bullish,5.04%,0,0,2025-09-04T10:57:08.379898+00:00,2025-09-04T16:27:08.379898+05:30,47.49062338823325,-44.44444444444444,31.413612565447277,0.23474283341004606,,,falling,down,down,6.230816067087641e-05,-0.00015018044970765369,0.0002124886103785301,0.765336877428279,0.7622000000000001,0.7590631225717211,0.7652000000000001,0.7622000000000001,0.7592000000000001,10.0,0.0,0.0,0.0,10.0,0.0,0.0,0.0,10.0,0.0,0.0,0.0,0.0,15.0,10.0,10.0,0.0,,,,
signals_2025-09-04_16-27-25_STRONG.json,XPLUSDT,Buy,40,Success,11.0,True,40,25,,,Bullish,5.04%,0,0,2025-09-04T10:57:09.488034+00:00,2025-09-04T16:27:09.488034+05:30,56.2295196108448,-40.860215053763824,-2.2650056625138744,0.3153744469823861,,,falling,up,up,0.0026200868002250743,0.0034260630552249392,-0.0008059762549998649,0.5953593268686211,0.5912,0.5870406731313788,0.59505,0.5912,0.5873499999999999,10.0,0.0,0.0,0.0,10.0,0.0,10.0,10.0,0.0,0.0,0.0,0.0,0.0,15.0,0.0,0.0,10.0,,,,
signals_2025-09-04_16-27-25_STRONG.json,LINAUSDT,Strong Sell,60,Inconclusive,,False,25,60,,,Bullish,5.04%,0,0,2025-09-04T10:57:10.631983+00:00,2025-09-04T16:27:10.631983+05:30,,,0.0,,,,falling,down,down,0.0,0.0,0.0,0.000742,0.000742,0.000742,0.0007419999999999999,0.0007419999999999999,0.0007419999999999999,10.0,,,0.0,,0.0,0.0,0.0,0.0,,,0.0,,15.0,10.0,10.0,0.0,15.0,,15.0,10.0
signals_2025-09-04_16-27-25_STRONG.json,MEMEFIUSDT,Sell,50,Inconclusive,,False,35,50,,,Bullish,5.04%,0,0,2025-09-04T10:57:11.729785+00:00,2025-09-04T16:27:11.729785+05:30,,,0.0,,,,falling,down,down,0.0,0.0,0.0,0.002201,0.002201,0.002201,0.0022010000000000003,0.0022010000000000003,0.0022010000000000003,10.0,,,0.0,,0.0,0.0,0.0,0.0,,,0.0,,15.0,10.0,10.0,0.0,15.0,10.0,15.0,
signals_2025-09-04_16-27-25_STRONG.json,LEVERUSDT,Sell,50,Inconclusive,,False,35,50,,,Bullish,5.04%,0,0,2025-09-04T10:57:12.847968+00:00,2025-09-04T16:27:12.847968+05:30,,,0.0,,,,falling,down,down,0.0,0.0,0.0,0.0001125,0.0001125,0.0001125,0.00011250000000000001,0.00011250000000000001,0.00011250000000000001,10.0,,,0.0,,0.0,0.0,0.0,0.0,,,0.0,,15.0,10.0,10.0,0.0,15.0,10.0,15.0,
signals_2025-09-04_16-27-25_STRONG.json,DOLOUSDT,Sell,35,Success,7.0,True,30,35,,,Bullish,5.04%,0,0,2025-09-04T10:57:13.982699+00:00,2025-09-04T16:27:13.982699+05:30,47.389421688567474,-77.05223880596999,-88.26361447972131,-0.0569253054543226,,,falling,up,up,7.885298767729143e-05,0.0004264145443212108,-0.00034756155664391936,0.17878881734847846,0.176369,0.17394918265152154,0.178164,0.176369,0.174574,10.0,0.0,0.0,0.0,0.0,0.0,10.0,10.0,0.0,0.0,0.0,0.0,10.0,15.0,0.0,0.0,10.0,,,,
signals_2025-09-04_16-27-25_STRONG.json,ETHFIUSDT,Sell,45,Success,65.0,True,20,45,,,Bullish,5.04%,0,0,2025-09-04T10:57:15.093619+00:00,2025-09-04T16:27:15.093619+05:30,53.317213040144196,-35.245901639344055,72.53384912958568,-0.02877563180738483,,,falling,down,down,0.0009302644486000045,0.0006025207163224296,0.00032774373227757486,1.127308398183682,1.123025,1.1187416018163179,1.127125,1.123025,1.118925,10.0,0.0,0.0,0.0,0.0,0.0,0.0,0.0,10.0,0.0,0.0,0.0,10.0,15.0,10.0,10.0,0.0,,,,
signals_2025-09-04_16-27-25_STRONG.json,FTMUSDT,Strong Sell,60,Inconclusive,,False,25,60,,,Bullish,5.04%,0,0,2025-09-04T10:57:16.194684+00:00,2025-09-04T16:27:16.194684+05:30,,,0.0,,,,falling,down,down,0.0,0.0,0.0,0.7702,0.7702,0.7702,0.7701999999999998,0.7701999999999998,0.7701999999999998,10.0,,,0.0,,0.0,0.0,0.0,0.0,,,0.0,,15.0,10.0,10.0,0.0,15.0,,15.0,10.0
signals_2025-09-04_16-27-25_STRONG.json,ETCUSDT,Sell,35,Success,164.0,True,30,35,,,Bullish,5.04%,0,0,2025-09-04T10:57:17.356381+00:00,2025-09-04T16:27:17.356381+05:30,59.1011707943574,-27.564102564101674,56.58739019137147,0.15632268102681796,,,falling,down,down,0.03283694082716693,0.030601999525384026,0.0022349413017829015,20.55014589357533,20.45,20.34985410642467,20.5235,20.45,20.3765,10.0,0.0,0.0,0.0,10.0,0.0,0.0,0.0,10.0,0.0,0.0,0.0,0.0,15.0,10.0,10.0,0.0,,,,
signals_2025-09-04_16-27-25_STRONG.json,XLMUSDT,Sell,45,Success,187.0,True,20,45,,,Bullish,5.04%,0,0,2025-09-04T10:57:18.463916+00:00,2025-09-04T16:27:18.463916+05:30,48.28271684226377,-38.41463414634194,52.00945626477819,-0.05925471615726791,,,falling,down,down,-9.169106418688289e-05,-0.00013207634236828982,4.038527818140693e-05,0.359311462376298,0.35875,0.358188537623702,0.35928000000000004,0.35875,0.35822,10.0,0.0,0.0,0.0,0.0,0.0,0.0,0.0,10.0,0.0,0.0,0.0,10.0,15.0,10.0,10.0,0.0,,,,
signals_2025-09-04_16-27-25_STRONG.json,PROVEUSDT,Sell,45,Success,98.0,True,20,45,,,Bullish,5.04%,0,0,2025-09-04T10:57:19.578644+00:00,2025-09-04T16:27:19.578644+05:30,54.87961015610904,-33.33333333333333,77.48785722354557,-0.029896644451420925,,,falling,down,down,0.0006297784576918541,0.0003485376392626645,0.00028124081842918964,0.8835216692647364,0.8792449999999998,0.8749683307352633,0.8828449999999999,0.8792449999999998,0.8756449999999998,10.0,0.0,0.0,0.0,0.0,0.0,0.0,0.0,10.0,0.0,0.0,0.0,10.0,15.0,10.0,10.0,0.0,,,,
signals_2025-09-04_16-27-25_STRONG.json,SEIUSDT,Sell,55,Success,188.0,True,10,55,,,Bullish,5.04%,0,0,2025-09-04T10:57:20.729183+00:00,2025-09-04T16:27:20.729183+05:30,48.97024113508346,-46.666666666666416,-37.82866836301857,-0.2238210077805124,,,falling,down,down,-4.708145137699571e-05,5.5487392495511873e-05,-0.00010256884387250758,0.2872876665420103,0.285505,0.2837223334579897,0.287105,0.285505,0.283905,10.0,0.0,0.0,0.0,0.0,0.0,0.0,0.0,0.0,0.0,0.0,0.0,10.0,15.0,10.0,10.0,10.0,,,,
signals_2025-09-04_16-27-25_STRONG.json,PAXGUSDT,Sell,35,Inconclusive,,False,30,35,,,Bullish,5.04%,0,0,2025-09-04T10:57:21.842160+00:00,2025-09-04T16:27:21.842160+05:30,46.36204842541058,-75.96471885336497,-90.92939364000615,-0.3372995931742012,,,falling,up,up,-0.5623752908945789,-0.15013707439261814,-0.4122382165019608,3555.2700690602333,3550.9260000000004,3546.5819309397675,3555.1360000000004,3550.9260000000004,3546.7160000000003,10.0,0.0,0.0,0.0,0.0,0.0,10.0,10.0,0.0,0.0,0.0,0.0,10.0,15.0,0.0,0.0,10.0,,,,
signals_2025-09-04_16-27-25_STRONG.json,TONUSDT,Sell,45,Success,187.0,True,20,45,,,Bullish,5.04%,0,0,2025-09-04T10:57:22.961254+00:00,2025-09-04T16:27:22.961254+05:30,40.617472176080724,-50.967741935483055,7.087486157251004,-0.161171087934725,,,falling,down,down,-0.004004733120389847,-0.005259506722262721,0.0012547736018728734,3.1408484264002565,3.1337,3.126551573599744,3.14,3.1337,3.1274,10.0,0.0,0.0,0.0,0.0,0.0,0.0,0.0,10.0,0.0,0.0,0.0,10.0,15.0,10.0,10.0,0.0,,,,
signals_2025-09-04_16-27-25_STRONG.json,OPUSDT,Sell,35,Success,101.0,True,30,35,,,Bullish,5.04%,0,0,2025-09-04T10:57:24.119180+00:00,2025-09-04T16:27:24.119180+05:30,47.577859515402245,-59.45945945945922,0.3989626969860199,0.0699248282829969,,,falling,down,down,0.0006436130118295802,0.0006299093387157288,1.3703673113851442e-05,0.7065498448242632,0.702925,0.6993001551757368,0.7057249999999999,0.702925,0.7001250000000001,10.0,0.0,0.0,0.0,10.0,0.0,0.0,0.0,10.0,0.0,0.0,0.0,0.0,15.0,10.0,10.0,0.0,,,,
signals_2025-09-04_16-27-25_STRONG.json,MITOUSDT,Strong Buy,75,Inconclusive,,False,75,50,,,Bullish,5.04%,0,0,2025-09-04T10:57:25.231994+00:00,2025-09-04T16:27:25.231994+05:30,61.34167507195067,-9.610389610389147,204.63006250757363,0.17141814360456845,,,rising,up,up,9.106989657850506e-05,-0.0002357177462701785,0.00032678764284868356,0.17569156340209127,0.173927,0.17216243659790872,0.17566700000000002,0.173927,0.17218699999999998,10.0,0.0,0.0,10.0,10.0,15.0,10.0,10.0,10.0,10.0,15.0,0.0,0.0,0.0,0.0,0.0,0.0,,,15.0,10.0
