source_file,coin,signal,confidence,entry_price,signal_time_utc,signal_time_ist,is_buy,tp_price,sl_price,atr_used_5m,trail_distance,FixedOutcome,FixedExitPrice,FixedExitTime,FixedGrossProfitUSDT,FixedNetProfitUSDT,FixedProfitPctOnMargin,FixedTimeToExitMin,TrailOutcome,TrailExitPrice,TrailExitTime,TrailGrossProfitUSDT,TrailNetProfitUSDT,TrailProfitPctOnMargin,TrailMaxFavorableMovePct,TrailTimeToExitMin
TotalStrong_2025-09-13_13-59-43.csv,AVAXUSDT,Strong Buy,68,27.281,2025-09-10T12:25:25.141011+00:00,2025-09-10T17:55:25.141011+05:30,True,27.55381,27.00819,0.110112676438,0.165169014657,Success,27.55381,1757507459999,0.7,0.6993,7.0,5,Success,27.394830985342868,1757507459999,0.2920776,0.29178552,2.920776,1.02269,5
TotalStrong_2025-09-13_13-59-43.csv,WUSDT,Strong Buy,68,0.09934,2025-09-10T15:53:43.782162+00:00,2025-09-10T21:23:43.782162+05:30,True,0.1003334,0.0983466,0.001267983281,0.001901974921,Success,0.1003334,1757519819999,0.7,0.6993,7.0,3,Success,0.10203802507889545,1757519819999,1.90116525,1.89926408,19.011652,4.630562,3
TotalStrong_2025-09-13_13-59-43.csv,LTCUSDT,Strong Buy,68,117.28,2025-09-10T16:27:05.036459+00:00,2025-09-10T21:57:05.036459+05:30,True,118.4528,116.1072,0.466490137312,0.699735205968,Success,118.4528,1757521859999,0.7,0.6993,7.0,3,Success,117.44026479403168,1757521739999,0.095656,0.09556034,0.95656,0.733288,1
TotalStrong_2025-09-13_13-59-43.csv,NAORISUSDT,Strong Buy,66,0.11741,2025-09-10T16:47:05.022234+00:00,2025-09-10T22:17:05.022234+05:30,True,0.1185841,0.1162359,0.009049668319,0.013574502479,Success,0.1185841,1757522939999,0.7,0.6993,7.0,1,Success,0.12096549752126984,1757523299999,2.11979241,2.11767261,21.197924,14.589899,7
TotalStrong_2025-09-13_13-59-43.csv,DOGEUSDT,Strong Buy,66,0.24749,2025-09-10T17:17:43.584759+00:00,2025-09-10T22:47:43.584759+05:30,True,0.2499649,0.2450151,0.001120185815,0.001680278723,Fail,0.24501509999999999,1757525279999,-0.7,-0.6993,-7.0,10,Fail,0.2458997212773787,1757524979999,-0.44979397,-0.44934418,-4.49794,0.036365,5
TotalStrong_2025-09-13_13-59-43.csv,ARBUSDT,Strong Buy,71,0.5186,2025-09-10T17:18:13.590646+00:00,2025-09-10T22:48:13.590646+05:30,True,0.523786,0.513414,0.002112298747,0.003168448121,Fail,0.5134139999999999,1757525279999,-0.7,-0.6993,-7.0,9,Fail,0.5154315518790695,1757524919999,-0.42767329,-0.42724562,-4.276733,0.0,3
TotalStrong_2025-09-13_13-59-43.csv,UNIUSDT,Strong Buy,69,9.81,2025-09-10T17:18:23.722242+00:00,2025-09-10T22:48:23.722242+05:30,True,9.9081,9.7119,0.03007972439,0.045119586586,Fail,9.7119,1757528339999,-0.7,-0.6993,-7.0,60,Fail,9.764880413414424,1757525219999,-0.32195424,-0.32163228,-3.219542,0.0,8
TotalStrong_2025-09-13_13-59-43.csv,NEARUSDT,Strong Buy,65,2.715,2025-09-10T17:18:35.940611+00:00,2025-09-10T22:48:35.940611+05:30,True,2.74215,2.68785,0.008520014594,0.012780021892,Fail,2.6878499999999996,1757528519999,-0.7,-0.6993,-7.0,63,Fail,2.702219978108324,1757525039999,-0.32950333,-0.32917382,-3.295033,0.0,5
TotalStrong_2025-09-13_13-59-43.csv,PTBUSDT,Strong Sell,70,0.0419,2025-09-10T19:17:33.240267+00:00,2025-09-11T00:47:33.240267+05:30,False,0.041481,0.042319,0.001022122043,0.001533183064,Fail,0.042319,1757532119999,-0.7,-0.6993,-7.0,4,Fail,0.04313318306393429,1757532479999,-2.06021037,-2.05815016,-20.602104,0.71599,10
TotalStrong_2025-09-13_13-59-43.csv,ETHUSDT,Strong Sell,67,4297.59,2025-09-10T19:38:08.802144+00:00,2025-09-11T01:08:08.802144+05:30,False,4254.6141,4340.565900000001,11.471093111418,17.206639667127,Fail,4340.5659000000005,1757538959999,-0.7,-0.6993,-7.0,97,Fail,4314.796639667126,1757533319999,-0.28026517,-0.2799849,-2.802652,0.0,3
TotalStrong_2025-09-13_13-59-43.csv,DOGEUSDT,Strong Sell,72,0.23932,2025-09-10T19:38:14.945763+00:00,2025-09-11T01:08:14.945763+05:30,False,0.2369268,0.2417132,0.001000972087,0.00150145813,Fail,0.24171320000000002,1757537519999,-0.7,-0.6993,-7.0,73,Fail,0.23982145812975642,1757533439999,-0.1466742,-0.14652752,-1.466742,0.417851,5
TotalStrong_2025-09-13_13-59-43.csv,XRPUSDT,Strong Sell,72,2.9694,2025-09-10T19:38:15.844430+00:00,2025-09-11T01:08:15.844430+05:30,False,2.939706,2.999094,0.006166392812,0.009249589217,Fail,2.999094,1757560979999,-0.7,-0.6993,-7.0,464,Fail,2.974849589217356,1757533319999,-0.12846745,-0.12833898,-1.284674,0.127972,3
TotalStrong_2025-09-13_13-59-43.csv,ENAUSDT,Strong Sell,70,0.7724,2025-09-10T19:38:18.432072+00:00,2025-09-11T01:08:18.432072+05:30,False,0.764676,0.780124,0.0031689738,0.0047534607,Fail,0.7801239999999999,1757534999999,-0.7,-0.6993,-7.0,31,Fail,0.7749534607003813,1757533439999,-0.23141151,-0.2311801,-2.314115,0.284827,5
TotalStrong_2025-09-13_13-59-43.csv,WLFIUSDT,Strong Sell,68,0.196,2025-09-10T19:38:20.206228+00:00,2025-09-11T01:08:20.206228+05:30,False,0.19404,0.19796,0.001223923921,0.001835885882,Fail,0.19796,1757534219999,-0.7,-0.6993,-7.0,18,Fail,0.1978358858819707,1757534219999,-0.65567353,-0.65501786,-6.556735,0.0,18
TotalStrong_2025-09-13_13-59-43.csv,BNBUSDT,Strong Sell,72,889.25,2025-09-10T19:38:21.978509+00:00,2025-09-11T01:08:21.978509+05:30,False,880.3575,898.1425,1.291977425006,1.937966137508,Inconclusive,895.01,1757569139999,-0.4534158,-0.45296238,-4.534158,600,Fail,891.0479661375083,1757533319999,-0.14153234,-0.1413908,-1.415323,0.015744,3
TotalStrong_2025-09-13_13-59-43.csv,SUIUSDT,Strong Sell,68,3.5416,2025-09-10T19:38:25.496800+00:00,2025-09-11T01:08:25.496800+05:30,False,3.506184,3.577016,0.008671826469,0.013007739704,Fail,3.577016,1757536799999,-0.7,-0.6993,-7.0,61,Fail,3.55190773970414,1757533439999,-0.20373328,-0.20352955,-2.037333,0.076237,5
TotalStrong_2025-09-13_13-59-43.csv,LINKUSDT,Strong Sell,69,23.224,2025-09-10T19:38:26.357695+00:00,2025-09-11T01:08:26.357695+05:30,False,22.99176,23.45624,0.069873208575,0.104809812863,Fail,23.45624,1757539919999,-0.7,-0.6993,-7.0,113,Fail,23.294809812862525,1757534039999,-0.21342951,-0.21321608,-2.134295,0.1464,15
TotalStrong_2025-09-13_13-59-43.csv,1000PEPEUSDT,Strong Sell,72,0.0103427,2025-09-10T19:38:29.035667+00:00,2025-09-11T01:08:29.035667+05:30,False,0.010239273,0.010446127,3.7480263e-05,5.6220394e-05,Fail,0.010446127,1757535899999,-0.7,-0.6993,-7.0,46,Fail,0.010378420394146725,1757533739999,-0.24175772,-0.24151596,-2.417577,0.198207,10
TotalStrong_2025-09-13_13-59-43.csv,ADAUSDT,Strong Sell,70,0.8737,2025-09-10T19:38:29.935581+00:00,2025-09-11T01:08:29.935581+05:30,False,0.864963,0.882437,0.00231677039,0.003475155585,Fail,0.882437,1757538479999,-0.7,-0.6993,-7.0,89,Fail,0.8757751555850833,1757533439999,-0.16625946,-0.1660932,-1.662595,0.160238,5
TotalStrong_2025-09-13_13-59-43.csv,ONDOUSDT,Strong Sell,69,1.0062,2025-09-10T19:38:31.695392+00:00,2025-09-11T01:08:31.695392+05:30,False,0.996138,1.016262,0.003301195022,0.004951792533,Fail,1.016262,1757538419999,-0.7,-0.6993,-7.0,88,Success,1.0061517925326016,1757534519999,0.00335373,0.00335038,0.033537,0.496919,23
TotalStrong_2025-09-13_13-59-43.csv,KAITOUSDT,Strong Sell,67,1.2214,2025-09-10T19:38:33.428447+00:00,2025-09-11T01:08:33.428447+05:30,False,1.209186,1.233614,0.004952839181,0.007429258772,Fail,1.233614,1757534519999,-0.7,-0.6993,-7.0,23,Fail,1.2267292587720224,1757533319999,-0.30542665,-0.30512123,-3.054267,0.171934,3
TotalStrong_2025-09-13_13-59-43.csv,ARBUSDT,Strong Sell,72,0.5037,2025-09-10T19:38:38.745931+00:00,2025-09-11T01:08:38.745931+05:30,False,0.498663,0.508737,0.001755310345,0.002632965517,Fail,0.508737,1757538419999,-0.7,-0.6993,-7.0,88,Fail,0.505432965516764,1757534519999,-0.24083301,-0.24059218,-2.40833,0.178678,23
TotalStrong_2025-09-13_13-59-43.csv,AAVEUSDT,Strong Sell,65,297.88,2025-09-10T19:38:40.456470+00:00,2025-09-11T01:08:40.456470+05:30,False,294.9012,300.8588,0.802387403801,1.203581105702,Fail,300.8588,1757545379999,-0.7,-0.6993,-7.0,204,Fail,298.73358110570217,1757534279999,-0.2005864,-0.20038582,-2.005864,0.117497,19
TotalStrong_2025-09-13_13-59-43.csv,WIFUSDT,Strong Sell,69,0.8778,2025-09-10T19:38:41.366880+00:00,2025-09-11T01:08:41.366880+05:30,False,0.869022,0.886578,0.002864215426,0.004296323139,Fail,0.8865780000000001,1757536979999,-0.7,-0.6993,-7.0,64,Fail,0.8804963231387223,1757533499999,-0.21501779,-0.21480278,-2.150178,0.182274,6
TotalStrong_2025-09-13_13-59-43.csv,TIAUSDT,Strong Sell,66,1.7313,2025-09-10T19:38:43.139087+00:00,2025-09-11T01:08:43.139087+05:30,False,1.713987,1.748613,0.006895380912,0.010343071368,Fail,1.748613,1757538419999,-0.7,-0.6993,-7.0,88,Fail,1.7395430713682067,1757534279999,-0.33328423,-0.33295095,-3.332842,0.121296,19
TotalStrong_2025-09-13_13-59-43.csv,UNIUSDT,Strong Sell,65,9.58,2025-09-10T19:38:47.492959+00:00,2025-09-11T01:08:47.492959+05:30,False,9.4842,9.6758,0.027009287071,0.040513930607,Fail,9.6758,1757538419999,-0.7,-0.6993,-7.0,88,Fail,9.606513930606521,1757533439999,-0.19373436,-0.19354062,-1.937344,0.146138,5
TotalStrong_2025-09-13_13-59-43.csv,TRUMPUSDT,Strong Sell,72,8.731,2025-09-10T19:38:52.815145+00:00,2025-09-11T01:08:52.815145+05:30,False,8.64369,8.81831,0.016286322997,0.024429484496,Fail,8.81831,1757545259999,-0.7,-0.6993,-7.0,202,Fail,8.742429484496045,1757533319999,-0.09163485,-0.09154322,-0.916349,0.148895,3
TotalStrong_2025-09-13_13-59-43.csv,NEARUSDT,Strong Sell,70,2.661,2025-09-10T19:38:55.443934+00:00,2025-09-11T01:08:55.443934+05:30,False,2.63439,2.68761,0.008207208944,0.012310813415,Fail,2.6876100000000003,1757535839999,-0.7,-0.6993,-7.0,45,Fail,2.669310813415271,1757533439999,-0.21862343,-0.2184048,-2.186234,0.150319,5
TotalStrong_2025-09-13_13-59-43.csv,TAOUSDT,Strong Sell,65,336.48,2025-09-10T19:38:58.089856+00:00,2025-09-11T01:08:58.089856+05:30,False,333.1152,339.8448,1.125140698476,1.687711047715,Fail,339.8448,1757535959999,-0.7,-0.6993,-7.0,47,Fail,337.7077110477146,1757533859999,-0.25540827,-0.25515286,-2.554083,0.136709,12
TotalStrong_2025-09-13_13-59-43.csv,LDOUSDT,Strong Sell,72,1.2128,2025-09-10T19:38:59.823551+00:00,2025-09-11T01:08:59.823551+05:30,False,1.200672,1.224928,0.004420569277,0.006630853916,Fail,1.224928,1757538179999,-0.7,-0.6993,-7.0,84,Fail,1.2161308539160507,1757533439999,-0.19224915,-0.1920569,-1.922492,0.272098,5
TotalStrong_2025-09-13_13-59-43.csv,FILUSDT,Strong Sell,72,2.455,2025-09-10T19:39:02.468723+00:00,2025-09-11T01:09:02.468723+05:30,False,2.43045,2.47955,0.006993326633,0.010489989949,Fail,2.47955,1757538599999,-0.7,-0.6993,-7.0,90,Fail,2.4614899899489884,1757534279999,-0.18505063,-0.18486558,-1.850506,0.162933,18
TotalStrong_2025-09-13_13-59-43.csv,1000SHIBUSDT,Strong Sell,65,0.012869,2025-09-10T19:39:03.380315+00:00,2025-09-11T01:09:03.380315+05:30,False,0.01274031,0.01299769,3.4189276e-05,5.1283914e-05,Fail,0.012997690000000001,1757538419999,-0.7,-0.6993,-7.0,87,Fail,0.0128992839138134,1757533979999,-0.16472717,-0.16456244,-1.647272,0.163183,13
TotalStrong_2025-09-13_13-59-43.csv,HBARUSDT,Strong Sell,71,0.23006,2025-09-10T19:39:04.245476+00:00,2025-09-11T01:09:04.245476+05:30,False,0.2277594,0.2323606,0.00059782292,0.00089673438,Fail,0.2323606,1757538299999,-0.7,-0.6993,-7.0,85,Fail,0.2306567343799333,1757534219999,-0.18156745,-0.18138588,-1.815674,0.130401,17
TotalStrong_2025-09-13_13-59-43.csv,ETHFIUSDT,Strong Sell,70,1.2589,2025-09-10T19:39:05.143252+00:00,2025-09-11T01:09:05.143252+05:30,False,1.246311,1.271489,0.00550010866,0.00825016299,Fail,1.2714889999999999,1757535359999,-0.7,-0.6993,-7.0,36,Fail,1.2650501629899684,1757534219999,-0.34197427,-0.3416323,-3.419743,0.166812,17
TotalStrong_2025-09-13_13-59-43.csv,SEIUSDT,Strong Sell,72,0.3124,2025-09-10T19:39:08.596991+00:00,2025-09-11T01:09:08.596991+05:30,False,0.309276,0.315524,0.00110132247,0.001651983705,Fail,0.315524,1757535779999,-0.7,-0.6993,-7.0,43,Fail,0.31345198370505617,1757533439999,-0.23571978,-0.23548406,-2.357198,0.192061,4
TotalStrong_2025-09-13_13-59-43.csv,OPUSDT,Strong Sell,72,0.7641,2025-09-10T19:39:09.511451+00:00,2025-09-11T01:09:09.511451+05:30,False,0.756459,0.771741,0.002328337542,0.003492506313,Fail,0.771741,1757538899999,-0.7,-0.6993,-7.0,95,Fail,0.7663925063125613,1757534279999,-0.2100189,-0.20980888,-2.100189,0.157048,18
TotalStrong_2025-09-13_13-59-43.csv,DOGEUSDT,Strong Sell,66,0.23947,2025-09-10T19:52:00.314890+00:00,2025-09-11T01:22:00.314890+05:30,False,0.2370753,0.2418647,0.000960628688,0.001440943032,Fail,0.2418647,1757538119999,-0.7,-0.6993,-7.0,69,Fail,0.2408909430323779,1757535599999,-0.41535897,-0.41494361,-4.15359,0.008352,27
TotalStrong_2025-09-13_13-59-43.csv,ARBUSDT,Strong Sell,65,0.5039,2025-09-10T19:52:24.792525+00:00,2025-09-11T01:22:24.792525+05:30,False,0.498861,0.508939,0.001711011422,0.002566517133,Fail,0.508939,1757538419999,-0.7,-0.6993,-7.0,74,Fail,0.5059665171329629,1757534519999,-0.28707323,-0.28678615,-2.870732,0.099226,9
TotalStrong_2025-09-13_13-59-43.csv,NEARUSDT,Strong Buy,67,2.694,2025-09-10T20:42:11.082023+00:00,2025-09-11T02:12:11.082023+05:30,True,2.72094,2.66706,0.007943314598,0.011914971897,Success,2.72094,1757547779999,0.7,0.6993,7.0,180,Fail,2.6820850281033413,1757537339999,-0.30959467,-0.30928507,-3.095947,0.0,6
TotalStrong_2025-09-13_13-59-43.csv,TAOUSDT,Strong Buy,70,340.93,2025-09-10T20:42:14.657667+00:00,2025-09-11T02:12:14.657667+05:30,True,344.3393,337.5207,0.92290451171,1.384356767565,Success,344.33930000000004,1757541719999,0.7,0.6993,7.0,79,Success,343.6656432324353,1757544179999,0.56168429,0.56112261,5.616843,1.208459,120
TotalStrong_2025-09-13_13-59-43.csv,ARKMUSDT,Strong Buy,68,0.6179,2025-09-10T20:42:24.210365+00:00,2025-09-11T02:12:24.210365+05:30,True,0.624079,0.611721,0.003040538814,0.004560808222,Success,0.624079,1757538899999,0.7,0.6993,7.0,32,Success,0.6181391917783485,1757538359999,0.0270973,0.02707021,0.270973,0.776825,23
TotalStrong_2025-09-13_13-59-43.csv,WIFUSDT,Strong Buy,66,0.8866,2025-09-10T20:53:11.683907+00:00,2025-09-11T02:23:11.683907+05:30,True,0.895466,0.877734,0.002407166047,0.00361074907,Success,0.8954660000000001,1757548439999,0.7,0.6993,7.0,180,Success,0.8877892509298155,1757539379999,0.09389529,0.0938014,0.938953,0.541394,29
TotalStrong_2025-09-13_13-59-43.csv,TAOUSDT,Strong Buy,69,340.78,2025-09-10T20:53:31.289141+00:00,2025-09-11T02:23:31.289141+05:30,True,344.1878,337.3722,0.857188401884,1.285782602826,Success,344.1878,1757541539999,0.7,0.6993,7.0,65,Success,343.76421739717404,1757543579999,0.61299142,0.61237843,6.129914,1.253008,99
TotalStrong_2025-09-13_13-59-43.csv,ARKMUSDT,Strong Buy,68,0.6198,2025-09-10T20:53:39.025931+00:00,2025-09-11T02:23:39.025931+05:30,True,0.625998,0.613602,0.003191768998,0.004787653497,Fail,0.613602,1757540159999,-0.7,-0.6993,-7.0,42,Fail,0.6179123465031383,1757538359999,-0.21319094,-0.21297775,-2.131909,0.467893,12
TotalStrong_2025-09-13_13-59-43.csv,AVAXUSDT,Strong Buy,68,29.23,2025-09-10T21:38:13.363163+00:00,2025-09-11T03:08:13.363163+05:30,True,29.5223,28.9377,0.105747913126,0.15862186969,Fail,28.9377,1757543579999,-0.7,-0.6993,-7.0,54,Success,29.300378130310325,1757540999999,0.16854154,0.168373,1.685415,0.783442,11
TotalStrong_2025-09-13_13-59-43.csv,OMNIUSDT,Strong Buy,65,3.731,2025-09-10T21:38:41.428202+00:00,2025-09-11T03:08:41.428202+05:30,True,3.76831,3.69369,0.029967450436,0.044951175654,Fail,3.6936899999999997,1757540579999,-0.7,-0.6993,-7.0,4,Fail,3.686048824345527,1757540699999,-0.84336164,-0.84251828,-8.433616,0.0,6
TotalStrong_2025-09-13_13-59-43.csv,MUSDT,Strong Buy,66,2.0305,2025-09-10T21:53:02.193887+00:00,2025-09-11T03:23:02.193887+05:30,True,2.050805,2.010195,0.015387927313,0.02308189097,Success,2.050805,1757541719999,0.7,0.6993,7.0,8,Success,2.035418109030473,1757541899999,0.16954821,0.16937866,1.695482,1.378971,11
TotalStrong_2025-09-13_13-59-43.csv,NAORISUSDT,Strong Buy,67,0.09007,2025-09-10T23:52:14.118671+00:00,2025-09-11T05:22:14.118671+05:30,True,0.0909707,0.0891693,0.003919761284,0.005879641926,Fail,0.08916929999999999,1757548439999,-0.7,-0.6993,-7.0,1,Fail,0.08419035807446831,1757548439999,-4.56950077,-4.56493127,-45.695008,0.0,1
TotalStrong_2025-09-13_13-59-43.csv,SEIUSDT,Strong Buy,67,0.3276,2025-09-11T02:27:45.303105+00:00,2025-09-11T07:57:45.303105+05:30,True,0.330876,0.324324,0.001286905529,0.001930358293,Fail,0.324324,1757563979999,-0.7,-0.6993,-7.0,105,Fail,0.32676964170676037,1757559599999,-0.17742699,-0.17724956,-1.77427,0.335775,32
TotalStrong_2025-09-13_13-59-43.csv,BIOUSDT,Strong Buy,68,0.15401,2025-09-11T02:51:14.631586+00:00,2025-09-11T08:21:14.631586+05:30,True,0.1555501,0.1524699,0.000934151118,0.001401226677,Success,0.1555501,1757559659999,0.7,0.6993,7.0,9,Fail,0.152948773322544,1757559359999,-0.48234444,-0.4818621,-4.823444,0.220765,4
TotalStrong_2025-09-13_13-59-43.csv,AVAXUSDT,Strong Buy,68,29.411,2025-09-11T03:54:16.095639+00:00,2025-09-11T09:24:16.095639+05:30,True,29.70511,29.11689,0.092831435527,0.13924715329,Success,29.70511,1757563499999,0.7,0.6993,7.0,10,Success,29.67375284670964,1757563499999,0.62536803,0.62474267,6.25368,1.366836,10
TotalStrong_2025-09-13_13-59-43.csv,NMRUSDT,Strong Buy,68,18.951,2025-09-11T04:25:49.174985+00:00,2025-09-11T09:55:49.174985+05:30,True,19.14051,18.76149,0.374818285979,0.562227428968,Success,19.14051,1757564819999,0.7,0.6993,7.0,1,Fail,18.806772571032113,1757564879999,-0.53273812,-0.53220538,-5.327381,2.205688,2
TotalStrong_2025-09-13_13-59-43.csv,PTBUSDT,Strong Buy,65,0.04523,2025-09-11T04:43:43.612972+00:00,2025-09-11T10:13:43.612972+05:30,True,0.0456823,0.0447777,0.000745460481,0.001118190721,Success,0.0456823,1757566019999,0.7,0.6993,7.0,3,Fail,0.04471180927854781,1757566379999,-0.80197547,-0.80117349,-8.019755,1.326553,9
TotalStrong_2025-09-13_13-59-43.csv,PYTHUSDT,Strong Buy,68,0.17176,2025-09-11T06:32:45.351151+00:00,2025-09-11T12:02:45.351151+05:30,True,0.1734776,0.1700424,0.000745843251,0.001118764877,Success,0.1734776,1757572559999,0.7,0.6993,7.0,3,Success,0.17184123512303026,1757572439999,0.033107,0.03307389,0.33107,0.698649,1
TotalStrong_2025-09-13_13-59-43.csv,1000BONKUSDT,Strong Buy,66,0.02345,2025-09-11T06:32:47.606846+00:00,2025-09-11T12:02:47.606846+05:30,True,0.0236845,0.0232155,7.5148813e-05,0.00011272322,Fail,0.0232155,1757588759999,-0.7,-0.6993,-7.0,273,Fail,0.02333727678048612,1757572499999,-0.33648722,-0.33615074,-3.364872,0.0,2
TotalStrong_2025-09-13_13-59-43.csv,NEARUSDT,Strong Buy,66,2.73,2025-09-11T06:33:04.196961+00:00,2025-09-11T12:03:04.196961+05:30,True,2.7573,2.7027,0.006448166869,0.009672250303,Fail,2.7027,1757593859999,-0.7,-0.6993,-7.0,357,Success,2.7373277496966146,1757575559999,0.18789102,0.18770313,1.87891,0.622711,52
TotalStrong_2025-09-13_13-59-43.csv,PYTHUSDT,Strong Buy,68,0.17255,2025-09-11T06:55:41.056865+00:00,2025-09-11T12:25:41.056865+05:30,True,0.1742755,0.1708245,0.000964165834,0.001446248752,Success,0.1742755,1757581319999,0.7,0.6993,7.0,126,Fail,0.17196375124847724,1757575199999,-0.23782911,-0.23759128,-2.378291,0.498406,24
TotalStrong_2025-09-13_13-59-43.csv,SEIUSDT,Strong Buy,66,0.3271,2025-09-11T06:56:08.710774+00:00,2025-09-11T12:26:08.710774+05:30,True,0.330371,0.323829,0.000979510956,0.001469266435,Fail,0.323829,1757591639999,-0.7,-0.6993,-7.0,297,Success,0.32713073356547134,1757574719999,0.00657704,0.00657046,0.06577,0.458575,15
TotalStrong_2025-09-13_13-59-43.csv,XNYUSDT,Strong Buy,66,0.014339,2025-09-11T07:52:49.166662+00:00,2025-09-11T13:22:49.166662+05:30,True,0.01448239,0.01419561,0.000264800376,0.000397200564,Fail,0.014195609999999999,1757577299999,-0.7,-0.6993,-7.0,2,Fail,0.014080799436364737,1757577599999,-1.26048117,-1.25922069,-12.604812,0.969384,7
TotalStrong_2025-09-13_13-59-43.csv,HYPEUSDT,Strong Sell,69,54.641,2025-09-11T09:40:47.617845+00:00,2025-09-11T15:10:47.617845+05:30,False,54.09459,55.18741,0.153855816175,0.230783724262,Success,54.09459,1757586299999,0.7,0.6993,7.0,44,Success,54.07078372426187,1757586599999,0.73049796,0.72976747,7.30498,1.465932,49
TotalStrong_2025-09-13_13-59-43.csv,HYPEUSDT,Strong Sell,68,54.312,2025-09-11T10:21:19.266119+00:00,2025-09-11T15:51:19.266119+05:30,False,53.76888,54.85512,0.178250013871,0.267375020807,Success,53.768879999999996,1757586719999,0.7,0.6993,7.0,10,Success,54.007375020806855,1757586719999,0.39261579,0.39222317,3.926158,1.053174,10
TotalStrong_2025-09-13_13-59-43.csv,OMNIUSDT,Strong Sell,67,3.491,2025-09-11T10:42:34.508834+00:00,2025-09-11T16:12:34.508834+05:30,False,3.45609,3.52591,0.013306063488,0.019959095231,Success,3.45609,1757592419999,0.7,0.6993,7.0,84,Fail,3.499959095231412,1757588039999,-0.17964385,-0.1794642,-1.796438,0.315096,11
TotalStrong_2025-09-13_13-59-43.csv,WLDUSDT,Strong Sell,67,1.731,2025-09-11T10:53:49.716276+00:00,2025-09-11T16:23:49.716276+05:30,False,1.71369,1.74831,0.007663807993,0.01149571199,Success,1.7136900000000002,1757590379999,0.7,0.6993,7.0,39,Success,1.7283957119898885,1757589239999,0.10531494,0.10520962,1.053149,0.814558,20
TotalStrong_2025-09-13_13-59-43.csv,WLDUSDT,Strong Sell,65,1.725,2025-09-11T11:16:33.164560+00:00,2025-09-11T16:46:33.164560+05:30,False,1.70775,1.74225,0.00811729471,0.012175942065,Success,1.70775,1757590379999,0.7,0.6993,7.0,16,Success,1.714375942065175,1757592059999,0.43112119,0.43069007,4.311212,1.321739,44
TotalStrong_2025-09-13_13-59-43.csv,OPENUSDT,Strong Sell,67,0.9362,2025-09-11T11:16:48.268680+00:00,2025-09-11T16:46:48.268680+05:30,False,0.926838,0.945562,0.00542901592,0.00814352388,Success,0.926838,1757591879999,0.7,0.6993,7.0,41,Success,0.9121435238799959,1757592899999,1.7987111,1.79691239,17.987111,3.439436,58
TotalStrong_2025-09-13_13-59-43.csv,PENGUUSDT,Strong Sell,66,0.03356,2025-09-11T11:39:06.885402+00:00,2025-09-11T17:09:06.885402+05:30,False,0.0332244,0.0338956,9.7472104e-05,0.000146208156,Fail,0.0338956,1757592779999,-0.7,-0.6993,-7.0,33,Fail,0.033604208155865636,1757591999999,-0.0922101,-0.09211789,-0.922101,0.303933,20
TotalStrong_2025-09-13_13-59-43.csv,HYPEUSDT,Strong Sell,68,53.255,2025-09-11T11:52:25.385842+00:00,2025-09-11T17:22:25.385842+05:30,False,52.72245,53.78755,0.25894041512,0.388410622681,Fail,53.78755,1757592119999,-0.7,-0.6993,-7.0,9,Fail,53.569410622680515,1757591939999,-0.41327093,-0.41285766,-4.132709,0.138954,6
TotalStrong_2025-09-13_13-59-43.csv,FARTCOINUSDT,Strong Sell,71,0.864,2025-09-11T11:52:34.101593+00:00,2025-09-11T17:22:34.101593+05:30,False,0.85536,0.87264,0.002979078033,0.004468617049,Fail,0.87264,1757592659999,-0.7,-0.6993,-7.0,18,Fail,0.8667686170493463,1757592059999,-0.22430925,-0.22408494,-2.243093,0.196759,8
TotalStrong_2025-09-13_13-59-43.csv,PENGUUSDT,Strong Sell,66,0.033516,2025-09-11T11:52:35.829351+00:00,2025-09-11T17:22:35.829351+05:30,False,0.03318084,0.03385116,9.2892827e-05,0.00013933924,Fail,0.03385116,1757592659999,-0.7,-0.6993,-7.0,18,Fail,0.03359733924046096,1757591999999,-0.16988145,-0.16971157,-1.698815,0.173052,7
TotalStrong_2025-09-13_13-59-43.csv,WIFUSDT,Strong Sell,67,0.886,2025-09-11T11:52:48.191636+00:00,2025-09-11T17:22:48.191636+05:30,False,0.87714,0.89486,0.001729252712,0.002593879068,Fail,0.89486,1757593799999,-0.7,-0.6993,-7.0,37,Fail,0.8865938790682634,1757592059999,-0.04692047,-0.04687355,-0.469205,0.225734,8
TotalStrong_2025-09-13_13-59-43.csv,WUSDT,Strong Sell,69,0.09116,2025-09-11T11:52:51.678920+00:00,2025-09-11T17:22:51.678920+05:30,False,0.0902484,0.0920716,0.00042207265,0.000633108975,Success,0.0902484,1757593859999,0.7,0.6993,7.0,38,Fail,0.09125310897467176,1757592539999,-0.07149658,-0.07142508,-0.714966,0.592365,16
TotalStrong_2025-09-13_13-59-43.csv,HIFIUSDT,Strong Buy,69,0.07634,2025-09-11T12:42:26.357509+00:00,2025-09-11T18:12:26.357509+05:30,True,0.0771034,0.0755766,0.001239025677,0.001858538515,Fail,0.07557660000000001,1757594639999,-0.7,-0.6993,-7.0,1,Fail,0.07631146148476843,1757595119999,-0.02616841,-0.02614224,-0.261684,2.397171,9
TotalStrong_2025-09-13_13-59-43.csv,LTCUSDT,Strong Sell,69,115.77,2025-09-11T13:14:49.139045+00:00,2025-09-11T18:44:49.139045+05:30,False,114.6123,116.9277,0.417472973107,0.626209459661,Success,114.61229999999999,1757600039999,0.7,0.6993,7.0,59,Fail,116.34620945966117,1757597999999,-0.3484034,-0.348055,-3.484034,0.043189,25
TotalStrong_2025-09-13_13-59-43.csv,OPENUSDT,Strong Sell,66,0.8847,2025-09-11T13:35:35.830038+00:00,2025-09-11T19:05:35.830038+05:30,False,0.875853,0.893547,0.008692368165,0.013038552247,Fail,0.8935470000000001,1757598419999,-0.7,-0.6993,-7.0,11,Fail,0.8977385522470073,1757598659999,-1.03164763,-1.03061598,-10.316476,0.0,15
TotalStrong_2025-09-13_13-59-43.csv,DAMUSDT,Strong Buy,68,0.07183,2025-09-11T14:42:58.902701+00:00,2025-09-11T20:12:58.902701+05:30,True,0.0725483,0.0711117,0.001936620409,0.002904930613,Success,0.07254830000000001,1757601839999,0.7,0.6993,7.0,1,Success,0.07485506938696945,1757602139999,2.94800024,2.94505224,29.480002,8.255604,6
TotalStrong_2025-09-13_13-59-43.csv,DAMUSDT,Strong Buy,68,0.07884,2025-09-11T14:54:41.560422+00:00,2025-09-11T20:24:41.560422+05:30,True,0.0796284,0.0780516,0.002302766238,0.003454149357,Fail,0.0780516,1757602559999,-0.7,-0.6993,-7.0,1,Success,0.08182585064345833,1757602919999,2.65105968,2.64840862,26.510597,8.168442,7
TotalStrong_2025-09-13_13-59-43.csv,PYTHUSDT,Strong Buy,68,0.17699,2025-09-11T14:54:44.257472+00:00,2025-09-11T20:24:44.257472+05:30,True,0.1787599,0.1752201,0.001263883699,0.001895825548,Fail,0.17522010000000002,1757603099999,-0.7,-0.6993,-7.0,10,Fail,0.17673417445173742,1757602799999,-0.10117966,-0.10107848,-1.011797,0.926606,5
TotalStrong_2025-09-13_13-59-43.csv,TIAUSDT,Strong Buy,65,1.7658,2025-09-11T16:12:27.664850+00:00,2025-09-11T21:42:27.664850+05:30,True,1.783458,1.748142,0.007409935678,0.011114903517,Success,1.783458,1757628119999,0.7,0.6993,7.0,349,Fail,1.7560850964827213,1757607899999,-0.38511907,-0.38473395,-3.851191,0.079284,12
TotalStrong_2025-09-13_13-59-43.csv,SEIUSDT,Strong Buy,65,0.3274,2025-09-11T18:12:25.088380+00:00,2025-09-11T23:42:25.088380+05:30,True,0.330674,0.324126,0.001175982345,0.001763973517,Success,0.330674,1757622299999,0.7,0.6993,7.0,132,Fail,0.32563602648303525,1757614619999,-0.37714767,-0.37677052,-3.771477,0.0,4
TotalStrong_2025-09-13_13-59-43.csv,HYPEUSDT,Strong Buy,68,55.968,2025-09-11T19:47:37.957631+00:00,2025-09-12T01:17:37.957631+05:30,True,56.52768,55.40832,0.161921792792,0.242882689187,Success,56.527680000000004,1757629379999,0.7,0.6993,7.0,155,Fail,55.72511731081257,1757620139999,-0.30377695,-0.30347317,-3.037769,0.0,1
TotalStrong_2025-09-13_13-59-43.csv,ONDOUSDT,Strong Buy,65,1.0677,2025-09-11T19:48:13.957735+00:00,2025-09-12T01:18:13.957735+05:30,True,1.078377,1.057023,0.007507373294,0.011261059942,Fail,1.057023,1757620859999,-0.7,-0.6993,-7.0,12,Fail,1.0619389400583088,1757620679999,-0.37770366,-0.37732595,-3.777037,0.515126,9
TotalStrong_2025-09-13_13-59-43.csv,WLFIUSDT,Strong Buy,68,0.1983,2025-09-11T21:24:23.696312+00:00,2025-09-12T02:54:23.696312+05:30,True,0.200283,0.196317,0.001401544151,0.002102316226,Success,0.20028300000000002,1757626439999,0.7,0.6993,7.0,9,Fail,0.19819768377421124,1757627159999,-0.03611768,-0.03608156,-0.361177,1.008573,21
TotalStrong_2025-09-13_13-59-43.csv,DAMUSDT,Strong Buy,65,0.06921,2025-09-11T21:24:58.444613+00:00,2025-09-12T02:54:58.444613+05:30,True,0.0699021,0.0685179,0.000882140095,0.001323210143,Fail,0.06851789999999999,1757626439999,-0.7,-0.6993,-7.0,9,Fail,0.06853678985714595,1757628059999,-0.68089452,-0.68021363,-6.808945,0.939171,36
TotalStrong_2025-09-13_13-59-43.csv,WLFIUSDT,Strong Buy,68,0.1988,2025-09-11T21:32:36.928934+00:00,2025-09-12T03:02:36.928934+05:30,True,0.200788,0.196812,0.001440513489,0.002160770234,Fail,0.19681200000000001,1757627159999,-0.7,-0.6993,-7.0,13,Fail,0.1981392297660145,1757627159999,-0.23266558,-0.23243291,-2.326656,0.754527,13
TotalStrong_2025-09-13_13-59-43.csv,DAMUSDT,Strong Buy,65,0.06868,2025-09-11T21:33:30.135748+00:00,2025-09-12T03:03:30.135748+05:30,True,0.0693668,0.0679932,0.000872944196,0.001309416294,Success,0.0693668,1757626679999,0.7,0.6993,7.0,4,Fail,0.06855058370564697,1757628059999,-0.13190362,-0.13177172,-1.319036,1.718113,27
TotalStrong_2025-09-13_13-59-43.csv,PTBUSDT,Strong Buy,65,0.0653,2025-09-11T21:47:26.382132+00:00,2025-09-12T03:17:26.382132+05:30,True,0.065953,0.064647,0.001393206035,0.002089809053,Success,0.065953,1757627339999,0.7,0.6993,7.0,1,Fail,0.06458019094747004,1757627579999,-0.77161767,-0.77084605,-7.716177,2.098009,5
TotalStrong_2025-09-13_13-59-43.csv,HBARUSDT,Strong Buy,67,0.2381,2025-09-11T21:48:06.282431+00:00,2025-09-12T03:18:06.282431+05:30,True,0.240481,0.235719,0.000651531344,0.000977297015,Success,0.240481,1757628119999,0.7,0.6993,7.0,13,Success,0.23879270298452743,1757627939999,0.2036506,0.20344695,2.036506,0.701386,10
TotalStrong_2025-09-13_13-59-43.csv,DOGEUSDT,Strong Buy,66,0.25405,2025-09-11T22:09:27.279297+00:00,2025-09-12T03:39:27.279297+05:30,True,0.2565905,0.2515095,0.000714886187,0.00107232928,Success,0.2565905,1757630039999,0.7,0.6993,7.0,24,Success,0.25429767071961057,1757628899999,0.06824228,0.06817403,0.682423,0.519583,5
TotalStrong_2025-09-13_13-59-43.csv,DOGEUSDT,Strong Buy,65,0.25526,2025-09-11T22:28:32.277889+00:00,2025-09-12T03:58:32.277889+05:30,True,0.2578126,0.2527074,0.000859114559,0.001288671838,Success,0.2578126,1757637059999,0.7,0.6993,7.0,122,Success,0.25541132816210566,1757630219999,0.04149875,0.04145725,0.414988,0.564131,8
TotalStrong_2025-09-13_13-59-43.csv,PUMPUSDT,Strong Buy,65,0.005868,2025-09-11T22:37:19.396564+00:00,2025-09-12T04:07:19.396564+05:30,True,0.00592668,0.00580932,5.2003018e-05,7.8004527e-05,Fail,0.00580932,1757631119999,-0.7,-0.6993,-7.0,14,Fail,0.005832995473245122,1757631059999,-0.41757275,-0.41715517,-4.175727,0.732788,13
TotalStrong_2025-09-13_13-59-43.csv,UNIUSDT,Strong Buy,68,9.987,2025-09-11T22:47:03.489033+00:00,2025-09-12T04:17:03.489033+05:30,True,10.08687,9.88713,0.021032899593,0.031549349389,Success,10.08687,1757637899999,0.7,0.6993,7.0,117,Success,9.998450650611106,1757633279999,0.08025889,0.08017863,0.802589,0.43056,40
TotalStrong_2025-09-13_13-59-43.csv,SOMIUSDT,Strong Buy,65,0.986,2025-09-11T23:25:13.113599+00:00,2025-09-12T04:55:13.113599+05:30,True,0.99586,0.97614,0.010050186713,0.015075280069,Success,0.99586,1757633219999,0.7,0.6993,7.0,1,Success,0.9939247199305161,1757633639999,0.56260689,0.56204428,5.626069,2.332657,8
TotalStrong_2025-09-13_13-59-43.csv,ARKMUSDT,Strong Buy,67,0.6535,2025-09-11T23:25:52.097854+00:00,2025-09-12T04:55:52.097854+05:30,True,0.660035,0.646965,0.002315057123,0.003472585685,Fail,0.646965,1757634479999,-0.7,-0.6993,-7.0,22,Fail,0.6505274143152053,1757633819999,-0.3184101,-0.31809169,-3.184101,0.076511,11
TotalStrong_2025-09-13_13-59-43.csv,SOMIUSDT,Strong Buy,67,1.0054,2025-09-11T23:32:36.657255+00:00,2025-09-12T05:02:36.657255+05:30,True,1.015454,0.995346,0.01053897534,0.01580846301,Fail,0.9953460000000001,1757633639999,-0.7,-0.6993,-7.0,1,Fail,0.9935915369901733,1757634479999,-0.82215279,-0.82133063,-8.221528,0.397852,15
TotalStrong_2025-09-13_13-59-43.csv,KAITOUSDT,Strong Buy,66,1.2464,2025-09-11T23:33:01.691812+00:00,2025-09-12T05:03:01.691812+05:30,True,1.258864,1.233936,0.005066846338,0.007600269508,Success,1.258864,1757634599999,0.7,0.6993,7.0,16,Success,1.2501997304923886,1757634419999,0.2133995,0.2131861,2.133995,0.914634,13
TotalStrong_2025-09-13_13-59-43.csv,PENGUUSDT,Strong Buy,66,0.034947,2025-09-11T23:47:45.817177+00:00,2025-09-12T05:17:45.817177+05:30,True,0.03529647,0.03459753,0.000133027522,0.000199541283,Success,0.035296469999999996,1757636639999,0.7,0.6993,7.0,36,Fail,0.0347814587173895,1757634779999,-0.33158468,-0.33125309,-3.315847,0.09729,5
TotalStrong_2025-09-13_13-59-43.csv,DOGEUSDT,Strong Buy,67,0.26108,2025-09-12T00:43:02.937231+00:00,2025-09-12T06:13:02.937231+05:30,True,0.2636908,0.2584692,0.00125633016,0.00188449524,Success,0.2636908,1757637899999,0.7,0.6993,7.0,1,Success,0.2627455047597329,1757637899999,0.44655023,0.44610368,4.465502,1.359736,1
TotalStrong_2025-09-13_13-59-43.csv,NMRUSDT,Strong Buy,68,19.56,2025-09-12T00:43:13.249111+00:00,2025-09-12T06:13:13.249111+05:30,True,19.7556,19.3644,0.213083065986,0.319624598978,Fail,19.3644,1757638439999,-0.7,-0.6993,-7.0,10,Fail,19.336375401021538,1757638499999,-0.80029253,-0.79949224,-8.002925,0.490798,11
TotalStrong_2025-09-13_13-59-43.csv,WIFUSDT,Strong Buy,66,0.9228,2025-09-12T00:43:46.443029+00:00,2025-09-12T06:13:46.443029+05:30,True,0.932028,0.913572,0.003314821401,0.004972232102,Success,0.932028,1757637959999,0.7,0.6993,7.0,2,Success,0.9270277678980203,1757637899999,0.32070194,0.32038124,3.207019,0.996966,1
TotalStrong_2025-09-13_13-59-43.csv,PUMPUSDT,Strong Buy,67,0.006201,2025-09-12T03:01:36.713241+00:00,2025-09-12T08:31:36.713241+05:30,True,0.00626301,0.00613899,6.528929e-05,9.7933935e-05,Fail,0.0061389899999999996,1757646179999,-0.7,-0.6993,-7.0,1,Fail,0.006176066064965277,1757647499999,-0.28146677,-0.28118531,-2.814668,1.177229,23
TotalStrong_2025-09-13_13-59-43.csv,PUMPBTCUSDT,Strong Sell,71,0.0492,2025-09-12T04:32:51.535628+00:00,2025-09-12T10:02:51.535628+05:30,False,0.048708,0.049692,0.001533921757,0.002300882635,Fail,0.049692,1757651819999,-0.7,-0.6993,-7.0,4,Fail,0.049850882634865167,1757661899999,-0.92605253,-0.92512648,-9.260525,3.353659,172
TotalStrong_2025-09-13_13-59-43.csv,BCHUSDT,Strong Buy,66,595.37,2025-09-12T05:10:57.872143+00:00,2025-09-12T10:40:57.872143+05:30,True,601.3237,589.4163,0.793577827358,1.190366741037,Fail,589.4163,1757678759999,-0.7,-0.6993,-7.0,415,Fail,594.7896332589628,1757655479999,-0.06823601,-0.06816777,-0.68236,0.102457,27
TotalStrong_2025-09-13_13-59-43.csv,XAIUSDT,Strong Buy,68,0.0599,2025-09-12T05:30:43.295970+00:00,2025-09-12T11:00:43.295970+05:30,True,0.060499,0.059301,0.000469335656,0.000704003484,Success,0.060499000000000004,1757655119999,0.7,0.6993,7.0,1,Success,0.06010599651647781,1757655299999,0.24073049,0.24048976,2.407305,1.519199,4
TotalStrong_2025-09-13_13-59-43.csv,HOLOUSDT,Strong Buy,66,0.48,2025-09-12T05:39:08.852482+00:00,2025-09-12T11:09:08.852482+05:30,True,0.4848,0.4752,0.005702761404,0.008554142105,Fail,0.47519999999999996,1757655719999,-0.7,-0.6993,-7.0,2,Fail,0.47144585789460847,1757656079999,-1.24747906,-1.24623158,-12.474791,0.0,8
TotalStrong_2025-09-13_13-59-43.csv,XAIUSDT,Strong Buy,68,0.06141,2025-09-12T05:40:02.255356+00:00,2025-09-12T11:10:02.255356+05:30,True,0.0620241,0.0607959,0.000626865137,0.000940297706,Fail,0.0607959,1757655719999,-0.7,-0.6993,-7.0,1,Fail,0.06054970229388431,1757655719999,-0.98063572,-0.97965508,-9.806357,0.130272,1
TotalStrong_2025-09-13_13-59-43.csv,AAVEUSDT,Strong Buy,68,313.67,2025-09-12T05:47:36.459384+00:00,2025-09-12T11:17:36.459384+05:30,True,316.8067,310.5333,0.749534976774,1.124302465161,Fail,310.5333,1757667779999,-0.7,-0.6993,-7.0,195,Success,314.6156975348395,1757657459999,0.21104609,0.21083505,2.110461,0.659929,23
TotalStrong_2025-09-13_13-59-43.csv,YGGUSDT,Strong Buy,68,0.222,2025-09-12T05:48:03.104061+00:00,2025-09-12T11:18:03.104061+05:30,True,0.22422,0.21978,0.005554056894,0.008331085341,Success,0.22422,1757656199999,0.7,0.6993,7.0,1,Success,0.22966891465896638,1757656319999,2.41812624,2.41570812,24.181262,7.207207,3
TotalStrong_2025-09-13_13-59-43.csv,PTBUSDT,Strong Sell,65,0.05079,2025-09-12T06:52:20.920166+00:00,2025-09-12T12:22:20.920166+05:30,False,0.0502821,0.0512979,0.001909414551,0.002864121827,Fail,0.0512979,1757660039999,-0.7,-0.6993,-7.0,1,Fail,0.05253412182691934,1757661179999,-2.40379067,-2.40138687,-24.037907,2.205158,20
TotalStrong_2025-09-13_13-59-43.csv,BIOUSDT,Strong Sell,66,0.14905,2025-09-12T06:52:39.046805+00:00,2025-09-12T12:22:39.046805+05:30,False,0.1475595,0.1505405,0.00075901182,0.00113851773,Fail,0.1505405,1757672159999,-0.7,-0.6993,-7.0,203,Fail,0.14998851773044092,1757660879999,-0.44076646,-0.4403257,-4.407665,0.134183,15
TotalStrong_2025-09-13_13-59-43.csv,PTBUSDT,Strong Sell,65,0.05026,2025-09-12T07:09:42.420759+00:00,2025-09-12T12:39:42.420759+05:30,False,0.0497574,0.0507626,0.001780291786,0.002670437678,Fail,0.0507626,1757661119999,-0.7,-0.6993,-7.0,2,Fail,0.05278043767837968,1757661179999,-3.51035888,-3.50684852,-35.103589,0.298448,3
TotalStrong_2025-09-13_13-59-43.csv,AVNTUSDT,Strong Sell,68,0.29621,2025-09-12T07:09:54.694841+00:00,2025-09-12T12:39:54.694841+05:30,False,0.2932479,0.2991721,0.005211751013,0.007817626519,Success,0.29324789999999995,1757663819999,0.7,0.6993,7.0,47,Fail,0.297927626518825,1757666999999,-0.40590749,-0.40550158,-4.059075,2.05935,100
TotalStrong_2025-09-13_13-59-43.csv,AVNTUSDT,Strong Sell,70,0.29463,2025-09-12T07:33:53.023237+00:00,2025-09-12T13:03:53.023237+05:30,False,0.2916837,0.2975763,0.004418747528,0.006628121292,Success,0.2916837,1757664179999,0.7,0.6993,7.0,29,Fail,0.2967381212920542,1757666999999,-0.50086037,-0.50035951,-5.008604,1.534128,76
TotalStrong_2025-09-13_13-59-43.csv,BNBUSDT,Strong Sell,69,905.3,2025-09-12T07:47:04.521158+00:00,2025-09-12T13:17:04.521158+05:30,False,896.247,914.353,0.850226394763,1.275339592145,Fail,914.353,1757698079999,-0.7,-0.6993,-7.0,580,Success,904.8753395921448,1757664119999,0.03283578,0.03280294,0.328358,0.187783,14
TotalStrong_2025-09-13_13-59-43.csv,AVAXUSDT,Strong Sell,67,28.628,2025-09-12T08:13:26.681773+00:00,2025-09-12T13:43:26.681773+05:30,False,28.34172,28.91428,0.05079287904,0.07618931856,Success,28.34172,1757677859999,0.7,0.6993,7.0,217,Success,28.609189318559633,1757665259999,0.0459951,0.0459491,0.459951,0.331843,7
TotalStrong_2025-09-13_13-59-43.csv,WIFUSDT,Strong Sell,65,0.914,2025-09-12T08:14:12.212281+00:00,2025-09-12T13:44:12.212281+05:30,False,0.90486,0.92314,0.002703744018,0.004055616027,Success,0.90486,1757669759999,0.7,0.6993,7.0,81,Success,0.9121556160274079,1757665439999,0.14125479,0.14111354,1.412548,0.645514,9
TotalStrong_2025-09-13_13-59-43.csv,BCHUSDT,Strong Sell,68,591.57,2025-09-12T08:51:51.777584+00:00,2025-09-12T14:21:51.777584+05:30,False,585.6543,597.4857,0.82566300476,1.23849450714,Fail,597.4857000000001,1757702219999,-0.7,-0.6993,-7.0,585,Success,591.23849450714,1757667959999,0.03922678,0.03918755,0.392268,0.265395,14
